ProjectID,Domain,PlannedStartDate,PlannedDurationDays,PlannedCost,TeamSize,Complexity,RiskLevel,NumChangeRequests,SprintVelocity,EarlyMilestonesPct,TechnicalDebtScore,ResourceUtilizationPct,ActualDurationDays,DelayDays,ActualCost,CostOverrunPct,CustomerSatisfaction,ProjectSuccess,PlannedEndDate,ActualEndDate,OnTime,MajorDelayFlag,CostOverrunBucket
PJT1954,Mobile App,2019-05-13,63,34421,6,4,Medium,7,42.6,0.432,6.9,0.758,82,19,45873,0.3327,7.65,0,2019-07-15,2019-08-03,0,1,25-50%
PJT8032,Data Engineering,2020-09-28,172,36598,7,3,High,3,46.0,0.52,5.65,0.743,171,-1,37162,0.0154,6.18,0,2021-03-19,2021-03-18,1,0,<10%
PJT2930,Infrastructure,2019-11-29,338,75224,7,3,Medium,6,39.7,0.883,5.45,0.954,361,23,73539,-0.0224,7.42,0,2020-11-01,2020-11-24,0,0,Under/OnBudget
PJT7989,AI/ML,2018-04-29,260,153405,3,5,Medium,6,81.9,0.329,5.11,0.901,344,84,230138,0.5002,7.07,0,2019-01-14,2019-04-08,0,1,>50%
PJT9475,Web App,2018-07-26,300,295464,6,2,High,4,40.3,0.675,7.26,0.772,346,46,354852,0.201,6.95,0,2019-05-22,2019-07-07,0,0,10-25%
PJT9998,Web App,2020-12-24,224,37654,5,2,High,6,36.7,0.394,6.59,0.866,261,37,44981,0.1946,7.41,0,2021-08-05,2021-09-11,0,0,10-25%
PJT8779,Web App,2019-04-25,240,591979,9,3,Medium,9,46.9,0.69,5.92,0.786,307,67,808584,0.3659,7.11,0,2019-12-21,2020-02-26,0,1,25-50%
PJT6130,Internal Tool,2020-01-12,324,71300,6,5,Medium,6,59.6,0.724,8.46,0.647,374,50,86694,0.2159,7.2,0,2020-12-01,2021-01-20,0,0,10-25%
PJT7585,AI/ML,2021-01-24,78,96217,6,3,Medium,4,34.1,0.414,9.46,0.361,104,26,146144,0.5189,6.67,0,2021-04-12,2021-05-08,0,1,>50%
PJT3676,Infrastructure,2021-01-01,152,40269,3,1,High,6,42.8,0.543,5.65,0.869,170,18,45685,0.1345,9.74,1,2021-06-02,2021-06-20,0,0,10-25%
PJT4571,Web App,2018-09-01,71,5383,6,3,Medium,7,60.0,0.314,6.65,0.702,78,7,6037,0.1215,7.92,0,2018-11-11,2018-11-18,0,0,10-25%
PJT4759,Data Engineering,2018-05-24,412,285174,3,3,Low,4,60.8,0.181,7.31,0.732,444,32,326695,0.1456,6.39,0,2019-07-10,2019-08-11,0,0,10-25%
PJT6121,Internal Tool,2020-05-13,383,238999,4,2,High,3,48.3,0.806,7.23,0.703,510,127,340669,0.4254,7.69,0,2021-05-31,2021-10-05,0,1,25-50%
PJT4786,Web App,2020-12-18,35,70432,3,3,Medium,4,81.3,0.506,5.87,0.401,41,6,88561,0.2574,6.91,0,2021-01-22,2021-01-28,0,0,25-50%
PJT1941,Web App,2018-08-06,246,106979,7,5,Low,5,74.7,0.887,6.41,0.473,261,15,121999,0.1404,7.82,0,2019-04-09,2019-04-24,0,0,10-25%
PJT9231,Web App,2019-06-28,371,183345,4,3,Medium,3,23.9,0.682,5.35,0.736,351,-20,177991,-0.0292,7.7,0,2020-07-03,2020-06-13,1,0,Under/OnBudget
PJT2338,Mobile App,2021-06-24,62,15138,5,3,Medium,5,19.6,0.769,8.53,0.566,66,4,14747,-0.0258,8.16,1,2021-08-25,2021-08-29,0,0,Under/OnBudget
PJT5652,AI/ML,2021-10-10,183,52320,9,3,High,3,56.9,0.869,7.17,0.685,233,50,75984,0.4523,7.19,0,2022-04-11,2022-05-31,0,1,25-50%
PJT2321,Mobile App,2019-10-25,365,256047,4,2,Low,5,65.5,0.563,8.79,0.837,448,83,333578,0.3028,8.85,1,2020-10-24,2021-01-15,0,0,25-50%
PJT2654,Mobile App,2018-04-27,34,21913,6,4,High,5,41.6,0.719,2.55,0.779,46,12,32817,0.4976,6.97,0,2018-05-31,2018-06-12,0,1,25-50%
PJT4068,AI/ML,2019-01-12,242,140403,5,3,Medium,5,37.5,0.737,6.48,0.792,302,60,187424,0.3349,7.22,0,2019-09-11,2019-11-10,0,0,25-50%
PJT5738,Web App,2018-12-07,90,19382,2,3,Low,6,32.7,0.544,6.95,0.903,108,18,23051,0.1893,8.64,1,2019-03-07,2019-03-25,0,0,10-25%
PJT7593,Mobile App,2018-12-15,370,172770,8,3,High,6,27.5,0.545,3.88,0.981,473,103,236315,0.3678,6.23,0,2019-12-20,2020-04-01,0,1,25-50%
PJT9586,Mobile App,2019-12-23,401,94583,3,3,Medium,6,62.0,0.213,3.24,0.503,485,84,120035,0.2691,7.32,0,2021-01-27,2021-04-21,0,0,25-50%
PJT1791,Mobile App,2020-05-01,383,14212,5,3,Low,5,39.3,0.704,4.58,0.479,429,46,16990,0.1955,7.73,0,2021-05-19,2021-07-04,0,0,10-25%
PJT7676,Infrastructure,2018-06-28,146,399387,6,1,Medium,7,49.5,0.649,3.75,0.815,152,6,440085,0.1019,9.02,1,2018-11-21,2018-11-27,0,0,10-25%
PJT1743,Web App,2021-07-22,332,40884,6,4,High,3,17.6,0.689,6.04,0.662,453,121,57732,0.4121,6.31,0,2022-06-19,2022-10-18,0,1,25-50%
PJT7524,AI/ML,2020-06-24,322,37335,7,5,Medium,5,60.0,0.658,8.68,0.853,415,93,54016,0.4468,6.56,0,2021-05-12,2021-08-13,0,1,25-50%
PJT7574,AI/ML,2020-05-21,96,125578,4,3,Low,7,53.8,0.666,6.32,0.671,84,-12,102359,-0.1849,8.45,1,2020-08-25,2020-08-13,1,0,Under/OnBudget
PJT1193,Web App,2021-12-12,312,391744,2,5,Low,2,24.8,0.483,5.01,0.567,392,80,539431,0.377,7.47,0,2022-10-20,2023-01-08,0,1,25-50%
PJT8894,AI/ML,2020-07-06,35,29173,7,2,Low,8,48.9,0.82,6.04,0.713,36,1,30144,0.0333,8.12,1,2020-08-10,2020-08-11,0,0,<10%
PJT5274,Web App,2021-09-18,195,106299,6,3,High,4,45.1,0.749,5.01,0.442,281,86,168367,0.5839,7.38,0,2022-04-01,2022-06-26,0,1,>50%
PJT4897,Web App,2019-02-22,73,165145,8,3,Medium,2,38.2,0.945,7.92,0.925,93,20,229585,0.3902,7.16,0,2019-05-06,2019-05-26,0,1,25-50%
PJT9409,Data Engineering,2018-12-17,49,226778,8,3,Low,5,15.0,0.789,4.52,0.863,40,-9,184484,-0.1865,9.26,1,2019-02-04,2019-01-26,1,0,Under/OnBudget
PJT4582,Data Engineering,2020-01-25,41,121994,8,3,Low,5,35.1,0.609,4.67,0.758,42,1,130997,0.0738,9.31,1,2020-03-06,2020-03-07,0,0,<10%
PJT6083,Internal Tool,2020-01-13,242,63549,5,3,Medium,4,49.5,0.773,4.31,0.407,202,-40,47350,-0.2549,7.26,0,2020-09-11,2020-08-02,1,0,Under/OnBudget
PJT9129,Mobile App,2018-11-27,102,36567,4,2,High,6,36.8,0.46,3.3,0.769,118,16,42948,0.1745,6.9,0,2019-03-09,2019-03-25,0,0,10-25%
PJT6343,Web App,2020-10-18,256,109466,8,3,Medium,8,41.7,0.498,4.51,0.458,292,36,143302,0.3091,7.75,0,2021-07-01,2021-08-06,0,0,25-50%
PJT8517,Infrastructure,2018-02-13,39,27267,5,2,High,4,67.5,0.264,7.83,0.661,52,13,40781,0.4956,6.24,0,2018-03-24,2018-04-06,0,1,25-50%
PJT8789,Mobile App,2020-10-05,95,5000,4,4,Medium,3,43.8,0.398,7.63,0.774,113,18,6241,0.2482,7.65,0,2021-01-08,2021-01-26,0,0,10-25%
PJT4903,Web App,2019-10-30,172,166687,9,2,Low,6,15.0,0.775,4.93,0.597,193,21,189623,0.1376,8.64,1,2020-04-19,2020-05-10,0,0,10-25%
PJT2785,Mobile App,2020-10-02,291,292062,9,1,High,4,42.2,0.645,4.47,0.707,299,8,306139,0.0482,8.64,1,2021-07-20,2021-07-28,0,0,<10%
PJT8962,Web App,2019-11-28,96,5793,5,3,Medium,2,46.5,0.548,7.79,0.876,110,14,6745,0.1643,7.92,0,2020-03-03,2020-03-17,0,0,10-25%
PJT1523,Internal Tool,2021-11-27,208,29387,3,3,Medium,3,32.6,0.866,5.78,0.596,201,-7,29408,0.0007,9.81,1,2022-06-23,2022-06-16,1,0,<10%
PJT4296,Web App,2019-05-04,346,207520,5,4,High,1,56.0,0.478,3.03,0.514,438,92,280712,0.3527,6.79,0,2020-04-14,2020-07-15,0,1,25-50%
PJT7956,Infrastructure,2021-12-05,204,1165889,8,3,Low,9,23.1,0.595,6.35,0.807,259,55,1658244,0.4223,6.82,0,2022-06-27,2022-08-21,0,1,25-50%
PJT5479,Mobile App,2018-04-05,74,101210,9,3,Low,5,42.9,0.247,5.45,0.902,80,6,112616,0.1127,7.93,0,2018-06-18,2018-06-24,0,0,10-25%
PJT8711,AI/ML,2020-09-25,33,41208,4,4,Medium,3,22.9,0.697,3.43,0.618,30,-3,35806,-0.1311,6.98,0,2020-10-28,2020-10-25,1,0,Under/OnBudget
PJT6685,AI/ML,2019-10-26,337,79263,3,3,Low,4,40.6,0.757,5.02,0.803,363,26,85620,0.0802,8.47,1,2020-09-27,2020-10-23,0,0,<10%
PJT7647,Web App,2021-04-15,33,513935,9,1,Low,3,55.6,0.44,4.27,0.855,35,2,601253,0.1699,9.51,1,2021-05-18,2021-05-20,0,0,10-25%
PJT9560,Data Engineering,2021-02-26,340,45472,5,3,Low,4,42.6,0.818,8.3,0.657,321,-19,39047,-0.1413,8.35,1,2022-02-01,2022-01-13,1,0,Under/OnBudget
PJT8794,Infrastructure,2021-03-14,167,37834,6,5,Low,6,41.7,0.637,5.13,0.665,218,51,53596,0.4166,7.2,0,2021-08-28,2021-10-18,0,1,25-50%
PJT6590,Data Engineering,2018-05-19,380,55310,11,3,High,4,45.4,0.622,7.39,0.425,418,38,64912,0.1736,6.44,0,2019-06-03,2019-07-11,0,0,10-25%
PJT5383,Internal Tool,2021-04-15,295,31445,3,2,Low,2,46.2,0.783,5.94,0.627,264,-31,26297,-0.1637,8.22,1,2022-02-04,2022-01-04,1,0,Under/OnBudget
PJT1398,AI/ML,2018-11-09,419,114371,7,2,Medium,6,55.4,0.414,6.13,0.541,353,-66,92618,-0.1902,8.07,1,2020-01-02,2019-10-28,1,0,Under/OnBudget
PJT3151,Data Engineering,2018-02-07,105,693575,3,2,Medium,3,55.5,0.649,8.94,0.75,114,9,834371,0.203,8.6,1,2018-05-23,2018-06-01,0,0,10-25%
PJT6430,Web App,2018-11-14,278,145466,5,3,Medium,6,66.3,0.415,4.9,0.718,390,112,234084,0.6092,7.45,0,2019-08-19,2019-12-09,0,1,>50%
PJT4880,Web App,2019-12-01,121,72924,8,3,Low,2,47.5,0.437,4.73,0.666,135,14,84694,0.1614,8.13,0,2020-03-31,2020-04-14,0,0,10-25%
PJT1126,Web App,2020-12-19,149,69552,5,1,High,8,20.1,0.503,7.48,0.528,159,10,78023,0.1218,8.01,0,2021-05-17,2021-05-27,0,0,10-25%
PJT3087,Mobile App,2018-11-16,209,15126,15,5,Low,3,57.9,0.675,7.09,0.753,232,23,18818,0.2441,6.34,0,2019-06-13,2019-07-06,0,0,10-25%
PJT2770,Mobile App,2018-06-14,339,284854,6,4,High,6,65.2,0.546,7.71,0.894,457,118,428848,0.5055,6.59,0,2019-05-19,2019-09-14,0,1,>50%
PJT8025,Web App,2020-08-01,410,89913,4,3,High,4,81.9,0.745,7.63,0.546,544,134,137225,0.5262,6.59,0,2021-09-15,2022-01-27,0,1,>50%
PJT9438,Internal Tool,2021-12-07,279,79493,4,4,Medium,5,66.8,0.634,5.82,0.683,259,-20,74262,-0.0658,8.45,1,2022-09-12,2022-08-23,1,0,Under/OnBudget
PJT6925,Mobile App,2020-05-27,127,2000000,5,1,Medium,6,37.6,0.657,2.93,0.806,170,43,2876000,0.438,8.31,0,2020-10-01,2020-11-13,0,1,25-50%
PJT4318,Mobile App,2020-10-05,128,141281,5,3,Medium,1,47.8,0.294,8.21,0.682,145,17,178000,0.2599,7.28,0,2021-02-10,2021-02-27,0,0,25-50%
PJT3081,AI/ML,2020-03-30,263,40049,3,3,Medium,5,40.9,0.604,6.92,0.793,366,103,62753,0.5669,7.63,0,2020-12-18,2021-03-31,0,1,>50%
PJT3057,Web App,2021-02-16,75,59182,5,4,High,7,38.9,0.535,7.41,0.777,89,14,81576,0.3784,7.81,0,2021-05-02,2021-05-16,0,0,25-50%
PJT6287,Internal Tool,2021-11-25,47,391654,5,4,High,6,43.3,0.837,5.26,0.48,57,10,556579,0.4211,5.92,0,2022-01-11,2022-01-21,0,0,25-50%
PJT6903,Web App,2020-03-05,107,113088,7,2,Medium,6,64.3,0.635,5.51,0.857,105,-2,105862,-0.0639,8.66,1,2020-06-20,2020-06-18,1,0,Under/OnBudget
PJT6335,Data Engineering,2019-09-01,87,17572,7,5,Medium,7,21.2,0.721,3.42,0.719,111,24,25356,0.443,7.09,0,2019-11-27,2019-12-21,0,1,25-50%
PJT3989,Infrastructure,2021-06-10,90,297472,7,2,High,4,30.0,0.663,2.1,0.853,84,-6,287596,-0.0332,8.73,1,2021-09-08,2021-09-02,1,0,Under/OnBudget
PJT8575,Web App,2021-11-16,74,44277,2,4,High,3,63.3,0.705,5.7,0.76,93,19,58924,0.3308,7.22,0,2022-01-29,2022-02-17,0,1,25-50%
PJT6721,Web App,2018-07-08,36,934678,4,5,Medium,8,66.8,0.863,4.91,0.678,39,3,1051606,0.1251,6.61,0,2018-08-13,2018-08-16,0,0,10-25%
PJT8078,Internal Tool,2020-04-24,32,360792,7,2,Medium,4,35.1,0.695,6.41,0.619,32,0,404845,0.1221,7.5,0,2020-05-26,2020-05-26,1,0,10-25%
PJT1339,Infrastructure,2021-03-02,412,57712,5,4,Low,5,69.8,0.775,1.65,0.874,504,92,74177,0.2853,6.92,0,2022-04-18,2022-07-19,0,0,25-50%
PJT3728,Infrastructure,2020-02-18,130,459190,2,1,High,5,59.6,0.689,3.63,0.936,133,3,504099,0.0978,9.33,1,2020-06-27,2020-06-30,0,0,<10%
PJT2591,Infrastructure,2019-08-21,116,107090,8,3,Low,3,41.0,0.826,3.99,0.707,128,12,135640,0.2666,7.52,0,2019-12-15,2019-12-27,0,0,25-50%
PJT8843,Web App,2020-08-14,233,274671,8,3,Medium,9,15.0,0.822,7.55,0.581,243,10,306231,0.1149,7.9,0,2021-04-04,2021-04-14,0,0,10-25%
PJT6783,Mobile App,2019-01-30,70,176607,6,3,Low,8,20.0,0.917,5.83,0.517,74,4,194409,0.1008,9.71,1,2019-04-10,2019-04-14,0,0,10-25%
PJT4161,Web App,2019-05-25,387,35752,3,5,Low,6,35.1,0.419,3.57,0.406,552,165,59030,0.6511,6.46,0,2020-06-15,2020-11-27,0,1,>50%
PJT9175,Internal Tool,2021-12-19,289,45604,8,3,Medium,3,56.4,0.662,5.21,0.873,302,13,53452,0.1721,7.98,0,2022-10-04,2022-10-17,0,0,10-25%
PJT5629,AI/ML,2020-07-18,44,339746,6,3,High,5,56.4,0.511,4.89,0.856,49,5,429405,0.2639,7.37,0,2020-08-31,2020-09-05,0,0,25-50%
PJT7901,Mobile App,2021-06-28,127,66057,8,4,Low,5,38.0,0.78,3.0,0.509,132,5,73482,0.1124,7.22,0,2021-11-02,2021-11-07,0,0,10-25%
PJT3297,Web App,2021-03-25,342,60817,7,5,Medium,5,41.5,0.965,5.52,0.766,357,15,67586,0.1113,7.22,0,2022-03-02,2022-03-17,0,0,10-25%
PJT6450,Mobile App,2020-08-10,383,31378,8,1,Low,3,44.5,0.656,5.39,0.956,336,-47,23932,-0.2373,9.15,1,2021-08-28,2021-07-12,1,0,Under/OnBudget
PJT8290,Mobile App,2021-05-12,144,164114,6,5,Low,7,41.7,0.501,2.11,0.837,197,53,261663,0.5944,7.78,0,2021-10-03,2021-11-25,0,1,>50%
PJT5944,Infrastructure,2019-02-24,203,1172947,3,1,Medium,3,47.5,0.688,7.98,0.772,211,8,1186084,0.0112,9.15,1,2019-09-15,2019-09-23,0,0,<10%
PJT6318,AI/ML,2020-07-19,59,27418,7,4,Medium,0,44.5,0.661,3.58,0.78,54,-5,22228,-0.1893,8.94,1,2020-09-16,2020-09-11,1,0,Under/OnBudget
PJT4807,Internal Tool,2020-05-12,414,101627,6,2,Low,6,19.9,0.787,6.91,0.885,422,8,101261,-0.0036,8.88,1,2021-06-30,2021-07-08,0,0,Under/OnBudget
PJT1012,Mobile App,2020-06-27,73,537490,7,2,Medium,6,41.9,0.479,5.64,0.841,76,3,671648,0.2496,9.04,1,2020-09-08,2020-09-11,0,0,10-25%
PJT5034,Web App,2018-09-04,382,89718,3,3,Low,4,44.7,0.873,3.7,0.664,371,-11,87323,-0.0267,9.44,1,2019-09-21,2019-09-10,1,0,Under/OnBudget
PJT6530,Infrastructure,2019-02-09,219,169880,4,3,Medium,5,59.8,0.845,6.61,0.8,236,17,192321,0.1321,7.35,0,2019-09-16,2019-10-03,0,0,10-25%
PJT4433,Infrastructure,2019-02-23,200,27588,9,3,High,9,32.5,0.581,6.48,0.831,236,36,35387,0.2827,7.18,0,2019-09-11,2019-10-17,0,0,25-50%
PJT5633,AI/ML,2020-05-28,161,165044,7,1,High,5,48.1,0.645,3.67,0.736,178,17,213682,0.2947,6.92,0,2020-11-05,2020-11-22,0,0,25-50%
PJT3051,Infrastructure,2021-11-20,73,78860,9,3,Medium,4,53.4,0.544,5.23,0.697,88,15,107502,0.3632,7.35,0,2022-02-01,2022-02-16,0,0,25-50%
PJT4876,Mobile App,2021-10-24,61,322183,7,5,Medium,3,42.8,0.678,6.92,0.728,65,4,380240,0.1802,6.42,0,2021-12-24,2021-12-28,0,0,10-25%
PJT6908,AI/ML,2018-11-28,71,410390,6,3,High,6,18.7,0.476,6.21,0.554,110,39,776581,0.8923,6.89,0,2019-02-07,2019-03-18,0,1,>50%
PJT7130,Mobile App,2019-03-22,63,2000000,7,2,Low,2,60.2,0.748,4.27,0.633,72,9,2460600,0.2303,8.95,1,2019-05-24,2019-06-02,0,0,10-25%
PJT7427,Web App,2018-02-22,285,197908,9,3,High,6,56.2,0.493,3.1,0.51,333,48,257755,0.3024,6.8,0,2018-12-04,2019-01-21,0,0,25-50%
PJT2823,Web App,2019-08-06,105,145941,6,1,High,6,48.4,0.644,2.54,0.759,95,-10,132675,-0.0909,7.92,1,2019-11-19,2019-11-09,1,0,Under/OnBudget
PJT4430,Web App,2021-05-03,38,124650,6,4,Low,6,45.6,0.806,4.68,0.887,40,2,136704,0.0967,7.31,0,2021-06-10,2021-06-12,0,0,<10%
PJT3740,AI/ML,2021-08-29,400,64615,3,4,Low,5,18.3,0.267,4.36,0.521,481,81,86655,0.3411,7.25,0,2022-10-03,2022-12-23,0,0,25-50%
PJT2788,Mobile App,2018-12-12,345,148180,5,3,High,3,56.6,0.612,3.59,0.859,442,97,210445,0.4202,6.14,0,2019-11-22,2020-02-27,0,1,25-50%
PJT2952,AI/ML,2019-01-24,373,69253,7,3,Medium,4,67.3,0.393,5.02,0.657,317,-56,55139,-0.2038,8.87,1,2020-02-01,2019-12-07,1,0,Under/OnBudget
PJT4420,Internal Tool,2018-11-19,417,120832,4,4,Low,4,28.3,0.621,5.32,0.746,423,6,135332,0.12,9.21,1,2020-01-10,2020-01-16,0,0,10-25%
PJT4027,Web App,2019-05-27,60,479796,4,3,Low,5,65.2,0.79,5.72,0.707,55,-5,453311,-0.0552,9.16,1,2019-07-26,2019-07-21,1,0,Under/OnBudget
PJT4101,Mobile App,2021-03-20,120,29500,4,4,Medium,4,62.0,0.831,3.49,0.886,155,35,43374,0.4703,7.39,0,2021-07-18,2021-08-22,0,1,25-50%
PJT6873,Infrastructure,2020-08-02,273,387648,4,3,Medium,4,27.9,0.765,4.95,0.653,299,26,454827,0.1733,6.94,0,2021-05-02,2021-05-28,0,0,10-25%
PJT4588,Web App,2021-02-21,241,479519,4,4,Medium,5,39.1,0.624,4.37,0.758,180,-61,335663,-0.3,8.39,1,2021-10-20,2021-08-20,1,0,Under/OnBudget
PJT4845,Web App,2020-05-01,56,85675,5,3,High,5,24.1,0.692,8.68,0.859,71,15,116509,0.3599,6.94,0,2020-06-26,2020-07-11,0,1,25-50%
PJT6737,Mobile App,2019-01-12,305,7737,9,3,Low,5,44.0,0.709,5.46,0.867,249,-56,5416,-0.3,9.07,1,2019-11-13,2019-09-18,1,0,Under/OnBudget
PJT2417,Web App,2018-11-29,72,47601,6,5,Medium,7,51.7,0.782,5.16,0.594,86,14,63438,0.3327,5.63,0,2019-02-09,2019-02-23,0,0,25-50%
PJT4909,Data Engineering,2018-01-14,71,468080,4,3,Medium,3,25.2,0.568,4.91,0.783,104,33,809264,0.7289,6.74,0,2018-03-26,2018-04-28,0,1,>50%
PJT5745,Internal Tool,2021-02-14,171,96044,3,3,Medium,2,50.8,0.646,7.85,0.528,216,45,141358,0.4718,7.7,0,2021-08-04,2021-09-18,0,1,25-50%
PJT3772,AI/ML,2021-05-21,194,29758,7,2,Low,4,54.6,0.455,5.47,0.573,217,23,33627,0.13,8.81,1,2021-12-01,2021-12-24,0,0,10-25%
PJT6175,Internal Tool,2021-01-26,188,53867,5,3,High,4,54.8,0.627,8.03,0.942,219,31,60590,0.1248,6.78,0,2021-08-02,2021-09-02,0,0,10-25%
PJT7275,Internal Tool,2018-04-19,44,270694,8,3,High,6,51.8,0.844,6.77,0.708,58,14,417654,0.5429,6.87,0,2018-06-02,2018-06-16,0,1,>50%
PJT3249,Web App,2021-01-17,341,190247,7,2,Medium,3,26.6,0.631,7.89,0.699,422,81,245133,0.2885,6.73,0,2021-12-24,2022-03-15,0,0,25-50%
PJT4858,Internal Tool,2018-03-08,82,74108,8,1,Medium,5,43.2,0.538,6.39,0.616,84,2,80422,0.0852,9.89,1,2018-05-29,2018-05-31,0,0,<10%
PJT2625,AI/ML,2018-06-04,51,63565,4,3,Low,5,50.3,0.487,5.16,0.831,49,-2,61461,-0.0331,8.98,1,2018-07-25,2018-07-23,1,0,Under/OnBudget
PJT3749,Internal Tool,2019-10-06,348,61691,7,4,Medium,5,66.9,0.465,4.73,0.856,372,24,62777,0.0176,6.57,0,2020-09-18,2020-10-12,0,0,<10%
PJT3605,Internal Tool,2019-11-27,391,32634,4,3,Medium,5,45.0,0.349,4.01,0.443,467,76,42571,0.3045,7.52,0,2020-12-22,2021-03-08,0,0,25-50%
PJT2847,Mobile App,2021-04-06,332,685875,10,2,Medium,3,51.4,0.245,7.95,0.976,363,31,755080,0.1009,7.25,0,2022-03-04,2022-04-04,0,0,10-25%
PJT8207,Web App,2020-09-19,301,67051,6,3,High,10,31.0,0.605,5.83,0.793,367,66,90834,0.3547,6.93,0,2021-07-17,2021-09-21,0,0,25-50%
PJT9770,Web App,2018-08-12,222,425317,4,1,Medium,5,27.7,0.407,5.9,0.665,258,36,577368,0.3575,8.3,0,2019-03-22,2019-04-27,0,0,25-50%
PJT2136,Mobile App,2018-11-27,176,612668,4,3,Medium,4,25.8,0.513,3.83,0.843,200,24,654329,0.068,8.43,1,2019-05-22,2019-06-15,0,0,<10%
PJT4133,Internal Tool,2019-02-22,43,327084,4,2,High,4,38.7,0.743,5.06,0.761,53,10,443232,0.3551,7.67,0,2019-04-06,2019-04-16,0,0,25-50%
PJT2157,Internal Tool,2018-06-30,124,58809,7,2,Low,7,75.9,0.554,7.97,0.579,154,30,80357,0.3664,7.53,0,2018-11-01,2018-12-01,0,0,25-50%
PJT8452,Web App,2019-02-24,112,160248,4,2,Medium,3,39.0,0.643,4.19,0.648,124,12,193596,0.2081,7.43,0,2019-06-16,2019-06-28,0,0,10-25%
PJT8275,AI/ML,2020-11-29,80,95891,6,3,Medium,6,50.5,0.345,5.77,0.577,103,23,133317,0.3903,7.35,0,2021-02-17,2021-03-12,0,1,25-50%
PJT6413,Mobile App,2018-12-19,255,33375,4,1,Medium,2,53.4,0.901,2.77,0.747,282,27,37277,0.1169,8.93,1,2019-08-31,2019-09-27,0,0,10-25%
PJT5372,Web App,2021-05-04,155,145689,7,3,High,4,28.6,0.745,7.26,0.591,173,18,185783,0.2752,6.39,0,2021-10-06,2021-10-24,0,0,25-50%
PJT6611,Web App,2019-11-17,42,23984,8,3,Medium,4,38.5,0.489,3.66,0.824,52,10,32544,0.3569,7.43,0,2019-12-29,2020-01-08,0,0,25-50%
PJT2586,Mobile App,2019-04-17,71,410535,8,3,High,4,54.4,0.574,2.85,0.874,101,30,658868,0.6049,7.46,0,2019-06-27,2019-07-27,0,1,>50%
PJT3323,Data Engineering,2019-08-26,235,56526,8,3,Medium,8,51.4,0.745,2.53,0.718,300,65,76463,0.3527,7.51,0,2020-04-17,2020-06-21,0,1,25-50%
PJT1233,Mobile App,2020-11-01,41,125667,4,4,Medium,5,15.1,0.569,5.53,0.711,47,6,147269,0.1719,7.3,0,2020-12-12,2020-12-18,0,0,10-25%
PJT8916,AI/ML,2020-01-25,325,138683,3,2,High,8,53.9,0.451,4.41,0.868,385,60,171898,0.2395,6.87,0,2020-12-15,2021-02-13,0,0,10-25%
PJT1031,Infrastructure,2018-01-11,154,72353,7,3,Low,5,36.7,0.759,4.44,0.63,153,-1,74335,0.0274,9.34,1,2018-06-14,2018-06-13,1,0,<10%
PJT9951,Mobile App,2021-09-08,149,199592,5,1,Low,7,37.1,0.822,6.74,0.676,163,14,243762,0.2213,9.58,1,2022-02-04,2022-02-18,0,0,10-25%
PJT4203,Data Engineering,2018-04-07,194,55833,5,1,Medium,8,51.1,0.456,6.51,0.926,197,3,58223,0.0428,9.53,1,2018-10-18,2018-10-21,0,0,<10%
PJT6894,Data Engineering,2021-10-02,310,280845,2,3,Low,3,67.8,0.434,6.0,0.591,268,-42,244026,-0.1311,9.05,1,2022-08-08,2022-06-27,1,0,Under/OnBudget
PJT2794,Web App,2018-02-11,105,19630,4,3,Low,4,42.0,0.448,4.91,0.639,115,10,23491,0.1967,9.3,1,2018-05-27,2018-06-06,0,0,10-25%
PJT1761,Mobile App,2021-01-30,233,114881,2,4,Medium,6,62.7,0.783,6.91,0.701,256,23,137903,0.2004,6.76,0,2021-09-20,2021-10-13,0,0,10-25%
PJT5080,Mobile App,2020-02-20,182,1011267,9,3,Medium,4,23.4,0.562,3.67,0.64,234,52,1517608,0.5007,7.55,0,2020-08-20,2020-10-11,0,1,>50%
PJT1281,Mobile App,2020-01-09,82,29721,4,5,Medium,4,47.0,0.813,8.2,0.657,69,-13,21488,-0.277,6.17,0,2020-03-31,2020-03-18,1,0,Under/OnBudget
PJT5071,Web App,2018-04-17,342,43770,6,1,High,6,36.9,0.576,8.62,0.693,395,53,56910,0.3002,7.13,0,2019-03-25,2019-05-17,0,0,25-50%
PJT5625,AI/ML,2018-12-15,295,182899,2,1,Medium,2,49.2,0.289,4.81,0.814,324,29,189995,0.0388,8.75,1,2019-10-06,2019-11-04,0,0,<10%
PJT6978,AI/ML,2021-02-09,223,122455,7,1,High,4,40.6,0.624,8.81,0.266,295,72,176005,0.4373,9.05,0,2021-09-20,2021-12-01,0,1,25-50%
PJT5559,Web App,2021-07-25,325,150355,4,2,Low,2,24.9,0.604,2.42,0.499,331,6,143619,-0.0448,9.53,1,2022-06-15,2022-06-21,0,0,Under/OnBudget
PJT2470,Web App,2020-02-12,335,177553,9,3,Medium,8,31.7,0.631,4.82,0.692,342,7,190674,0.0739,8.16,1,2021-01-12,2021-01-19,0,0,<10%
PJT4287,Internal Tool,2019-05-31,248,211433,9,3,High,7,20.4,0.861,7.78,0.575,329,81,315310,0.4913,6.22,0,2020-02-03,2020-04-24,0,1,25-50%
PJT5259,Web App,2018-03-29,317,373861,4,1,Medium,2,25.4,0.441,4.75,0.574,387,70,524751,0.4036,6.73,0,2019-02-09,2019-04-20,0,0,25-50%
PJT6706,Web App,2020-09-22,242,161423,9,5,Medium,5,52.2,0.617,6.99,0.772,280,38,197888,0.2259,6.23,0,2021-05-22,2021-06-29,0,0,10-25%
PJT1510,Mobile App,2019-02-11,234,73902,15,4,Medium,6,41.2,0.761,6.71,0.68,248,14,88505,0.1976,6.58,0,2019-10-03,2019-10-17,0,0,10-25%
PJT8961,Data Engineering,2018-03-22,205,221259,8,2,Low,7,48.5,0.499,2.53,0.884,258,53,294982,0.3332,7.21,0,2018-10-13,2018-12-05,0,1,25-50%
PJT9746,Web App,2020-08-30,270,964976,8,1,Medium,7,72.2,0.574,7.99,0.876,334,64,1353958,0.4031,7.37,0,2021-05-27,2021-07-30,0,0,25-50%
PJT7784,Infrastructure,2019-12-11,57,84191,4,2,Medium,7,40.6,0.705,7.21,0.868,72,15,115982,0.3776,7.82,0,2020-02-06,2020-02-21,0,1,25-50%
PJT6493,Infrastructure,2018-01-18,343,30655,6,2,High,6,54.5,0.689,5.01,0.55,386,43,35636,0.1625,7.0,0,2018-12-27,2019-02-08,0,0,10-25%
PJT1258,Web App,2018-06-11,338,372688,3,2,Low,5,45.4,0.759,2.48,0.514,302,-36,324239,-0.13,9.56,1,2019-05-15,2019-04-09,1,0,Under/OnBudget
PJT7588,Infrastructure,2020-10-17,34,85438,3,3,High,5,86.4,0.83,6.7,0.805,46,12,136966,0.6031,6.37,0,2020-11-20,2020-12-02,0,1,>50%
PJT2665,Mobile App,2018-04-03,311,7279,15,2,High,8,15.0,0.782,9.13,0.728,394,83,10310,0.4164,6.91,0,2019-02-08,2019-05-02,0,1,25-50%
PJT2865,AI/ML,2021-06-18,51,272912,4,3,Low,7,34.2,0.565,5.55,0.289,51,0,262678,-0.0375,8.53,1,2021-08-08,2021-08-08,1,0,Under/OnBudget
PJT1765,AI/ML,2019-03-31,101,51928,7,5,Medium,4,54.8,0.497,5.61,0.698,115,14,63705,0.2268,7.02,0,2019-07-10,2019-07-24,0,0,10-25%
PJT9256,AI/ML,2018-05-10,266,88553,8,4,High,5,33.7,0.909,3.6,0.617,321,55,113233,0.2787,6.61,0,2019-01-31,2019-03-27,0,0,25-50%
PJT4449,Web App,2021-01-14,57,147028,9,5,High,8,53.5,0.691,1.96,0.831,70,13,191122,0.2999,7.39,0,2021-03-12,2021-03-25,0,0,25-50%
PJT3705,Internal Tool,2020-02-05,306,124070,15,2,Medium,5,44.1,0.229,6.49,0.584,337,31,144728,0.1665,7.06,0,2020-12-07,2021-01-07,0,0,10-25%
PJT6765,Mobile App,2019-03-24,314,231270,4,3,Medium,2,58.0,0.66,8.45,0.731,401,87,331595,0.4338,6.68,0,2020-02-01,2020-04-28,0,1,25-50%
PJT5974,Web App,2019-08-16,159,58537,2,3,Medium,3,28.0,0.775,4.11,0.717,185,26,72650,0.2411,7.35,0,2020-01-22,2020-02-17,0,0,10-25%
PJT1195,Web App,2018-02-01,30,182723,5,1,Medium,7,47.6,0.77,7.04,0.845,43,13,293764,0.6077,7.51,0,2018-03-03,2018-03-16,0,1,>50%
PJT2383,AI/ML,2020-08-25,87,72297,3,1,Low,3,52.0,0.704,4.7,0.905,100,13,90444,0.251,8.15,0,2020-11-20,2020-12-03,0,0,25-50%
PJT3435,Infrastructure,2019-06-19,204,239563,2,3,Medium,8,47.0,0.463,5.5,0.7,247,43,299693,0.251,7.17,0,2020-01-09,2020-02-21,0,0,25-50%
PJT2450,Web App,2020-11-08,408,206580,5,3,Low,1,47.2,0.71,1.78,0.755,496,88,271673,0.3151,7.43,0,2021-12-21,2022-03-19,0,0,25-50%
PJT9414,AI/ML,2020-07-06,211,32128,8,3,Low,5,63.0,0.571,5.57,0.819,226,15,37204,0.158,8.67,1,2021-02-02,2021-02-17,0,0,10-25%
PJT8924,Web App,2020-08-08,80,363371,6,3,Medium,3,19.8,0.386,5.77,0.75,118,38,628377,0.7293,7.07,0,2020-10-27,2020-12-04,0,1,>50%
PJT8058,AI/ML,2021-03-03,212,51888,4,3,Medium,5,46.9,0.444,6.1,0.575,222,10,59381,0.1444,6.44,0,2021-10-01,2021-10-11,0,0,10-25%
PJT8316,Web App,2020-07-10,172,260321,7,1,Medium,5,26.9,0.784,3.1,0.668,183,11,307491,0.1812,8.2,0,2020-12-29,2021-01-09,0,0,10-25%
PJT6628,Infrastructure,2019-09-04,285,153391,4,3,Medium,2,56.4,0.55,6.57,0.903,296,11,157180,0.0247,9.33,1,2020-06-15,2020-06-26,0,0,<10%
PJT1441,Mobile App,2019-07-24,47,896112,2,2,Medium,7,32.4,0.445,8.96,0.734,52,5,1006871,0.1236,7.87,0,2019-09-09,2019-09-14,0,0,10-25%
PJT3367,Data Engineering,2018-06-24,275,75496,8,1,Low,2,15.0,0.795,7.03,0.752,257,-18,68218,-0.0964,9.17,1,2019-03-26,2019-03-08,1,0,Under/OnBudget
PJT5865,Web App,2021-02-11,172,64914,6,5,Medium,4,56.7,0.698,4.05,0.799,225,53,95703,0.4743,6.49,0,2021-08-02,2021-09-24,0,1,25-50%
PJT8159,Mobile App,2021-01-16,395,96442,8,3,High,5,41.0,0.552,5.06,0.7,472,77,128625,0.3337,7.15,0,2022-02-15,2022-05-03,0,0,25-50%
PJT1450,Web App,2018-12-26,103,68609,2,4,Medium,4,50.3,0.359,3.36,0.541,84,-19,48026,-0.3,6.52,0,2019-04-08,2019-03-20,1,0,Under/OnBudget
PJT8039,Data Engineering,2021-06-13,211,257798,8,2,Medium,4,66.4,0.604,4.85,0.96,248,37,295076,0.1446,7.97,0,2022-01-10,2022-02-16,0,0,10-25%
PJT6198,Internal Tool,2020-05-09,375,14192,6,3,Medium,5,50.6,0.668,7.54,0.85,381,6,13640,-0.0389,7.51,1,2021-05-19,2021-05-25,0,0,Under/OnBudget
PJT9934,Web App,2019-11-30,46,27878,6,2,High,4,47.5,0.646,7.93,0.589,51,5,32397,0.1621,6.87,0,2020-01-15,2020-01-20,0,0,10-25%
PJT8286,Infrastructure,2018-01-26,379,27409,6,1,Low,4,44.3,0.816,7.56,0.915,434,55,33845,0.2348,8.87,1,2019-02-09,2019-04-05,0,0,10-25%
PJT4350,Internal Tool,2019-07-13,237,308775,9,2,Medium,5,27.8,0.826,4.64,0.766,205,-32,252053,-0.1837,9.52,1,2020-03-06,2020-02-03,1,0,Under/OnBudget
PJT3829,AI/ML,2020-07-24,40,768915,6,4,Medium,7,41.8,0.776,3.83,0.75,36,-4,704787,-0.0834,7.54,0,2020-09-02,2020-08-29,1,0,Under/OnBudget
PJT3613,AI/ML,2018-05-12,91,87087,6,3,Medium,6,74.6,0.847,5.47,0.723,76,-15,68267,-0.2161,8.98,1,2018-08-11,2018-07-27,1,0,Under/OnBudget
PJT2915,Web App,2019-11-02,248,80613,14,3,Low,6,39.4,0.556,5.92,0.771,258,10,82112,0.0186,9.96,1,2020-07-07,2020-07-17,0,0,<10%
PJT8212,Web App,2021-12-21,40,107373,7,3,Medium,8,42.7,0.545,3.74,0.75,34,-6,88937,-0.1717,8.71,1,2022-01-30,2022-01-24,1,0,Under/OnBudget
PJT1527,Internal Tool,2020-11-12,189,398019,5,5,Low,5,63.9,0.706,6.53,0.631,160,-29,310853,-0.219,7.42,0,2021-05-20,2021-04-21,1,0,Under/OnBudget
PJT5819,Internal Tool,2020-03-09,104,32441,7,1,Medium,2,21.9,0.576,8.17,0.778,104,0,34569,0.0656,8.3,1,2020-06-21,2020-06-21,1,0,<10%
PJT8879,AI/ML,2020-02-18,206,131405,5,2,Medium,4,54.3,0.56,1.99,0.857,237,31,155557,0.1838,7.24,0,2020-09-11,2020-10-12,0,0,10-25%
PJT9432,Mobile App,2018-03-05,36,318137,4,3,Low,6,21.2,0.807,3.11,0.526,31,-5,270735,-0.149,9.06,1,2018-04-10,2018-04-05,1,0,Under/OnBudget
PJT9556,Mobile App,2021-10-29,338,180108,6,4,High,3,51.0,0.906,8.33,0.488,425,87,244965,0.3601,6.24,0,2022-10-02,2022-12-28,0,1,25-50%
PJT2208,Infrastructure,2021-09-17,402,123933,10,5,Low,3,44.7,0.655,4.43,0.33,461,59,143886,0.161,7.23,0,2022-10-24,2022-12-22,0,0,10-25%
PJT5120,Internal Tool,2020-09-23,399,328160,10,2,High,5,54.2,0.669,4.27,0.553,488,89,447774,0.3645,6.12,0,2021-10-27,2022-01-24,0,0,25-50%
PJT7476,Internal Tool,2018-05-25,269,5000,5,4,Medium,5,29.8,0.873,2.8,0.483,250,-19,4680,-0.0641,7.25,0,2019-02-18,2019-01-30,1,0,Under/OnBudget
PJT3961,Infrastructure,2018-10-31,51,222671,6,4,Low,6,37.0,0.459,3.38,0.66,71,20,348591,0.5655,7.08,0,2018-12-21,2019-01-10,0,1,>50%
PJT5776,AI/ML,2018-09-26,273,45031,4,2,Low,2,55.0,0.62,7.5,0.85,251,-22,34904,-0.2249,7.31,0,2019-06-26,2019-06-04,1,0,Under/OnBudget
PJT3417,Web App,2020-01-29,33,10974,15,3,High,6,37.4,0.585,8.12,0.533,39,6,13082,0.1921,7.27,0,2020-03-02,2020-03-08,0,0,10-25%
PJT2616,Web App,2018-10-31,33,182306,13,3,Low,4,56.3,0.467,8.17,0.769,38,5,223817,0.2277,9.73,1,2018-12-03,2018-12-08,0,0,10-25%
PJT9911,Internal Tool,2020-10-12,97,513184,7,5,Low,3,48.1,0.581,4.79,0.732,103,6,589289,0.1483,7.55,0,2021-01-17,2021-01-23,0,0,10-25%
PJT5682,AI/ML,2020-03-07,152,83706,8,2,Medium,4,38.3,0.566,5.11,0.921,182,30,110609,0.3214,6.99,0,2020-08-06,2020-09-05,0,0,25-50%
PJT7825,Web App,2018-01-26,280,309728,7,4,Medium,2,40.3,0.736,6.2,0.602,281,1,343953,0.1105,7.33,0,2018-11-02,2018-11-03,0,0,10-25%
PJT2846,Web App,2020-12-22,235,683330,6,3,Medium,6,45.1,0.568,6.51,0.681,219,-16,636864,-0.068,7.07,0,2021-08-14,2021-07-29,1,0,Under/OnBudget
PJT2371,Infrastructure,2018-10-03,136,478254,2,4,Low,8,41.7,0.759,6.92,0.723,119,-17,372799,-0.2205,9.36,1,2019-02-16,2019-01-30,1,0,Under/OnBudget
PJT2466,Web App,2021-04-19,84,706414,5,3,Low,5,56.0,0.805,6.98,0.796,107,23,1020344,0.4444,7.61,0,2021-07-12,2021-08-04,0,1,25-50%
PJT9882,Web App,2019-06-03,419,240519,7,3,Low,6,39.4,0.569,5.95,0.911,414,-5,245089,0.019,8.26,1,2020-07-26,2020-07-21,1,0,<10%
PJT1087,AI/ML,2019-05-10,130,108068,7,4,Low,5,36.4,0.439,3.66,0.795,137,7,116940,0.0821,8.68,1,2019-09-17,2019-09-24,0,0,<10%
PJT3512,Infrastructure,2018-01-18,138,14438,5,4,Medium,5,58.7,0.657,2.71,0.562,189,51,22910,0.5868,6.59,0,2018-06-05,2018-07-26,0,1,>50%
PJT9685,Infrastructure,2021-12-13,58,73477,10,4,Medium,6,38.7,0.698,7.37,0.709,64,6,81787,0.1131,6.61,0,2022-02-09,2022-02-15,0,0,10-25%
PJT2245,Web App,2020-06-12,293,35886,3,1,Low,4,36.9,0.463,4.56,0.636,284,-9,37092,0.0336,9.24,1,2021-04-01,2021-03-23,1,0,<10%
PJT7116,Infrastructure,2019-09-10,240,1335921,6,4,Medium,4,15.0,0.6,3.07,0.759,238,-2,1279412,-0.0423,7.14,0,2020-05-07,2020-05-05,1,0,Under/OnBudget
PJT5231,Web App,2018-05-22,71,79932,7,2,Medium,5,29.4,0.595,6.42,0.664,65,-6,69813,-0.1266,9.35,1,2018-08-01,2018-07-26,1,0,Under/OnBudget
PJT1977,Mobile App,2020-10-17,42,114445,7,3,High,5,32.4,0.761,8.35,0.761,62,20,193401,0.6899,6.64,0,2020-11-28,2020-12-18,0,1,>50%
PJT9733,Infrastructure,2019-02-17,234,191335,7,3,High,4,36.9,0.706,4.64,0.852,322,88,318152,0.6628,7.51,0,2019-10-09,2020-01-05,0,1,>50%
PJT7722,AI/ML,2021-12-13,222,104018,4,3,High,4,34.2,0.481,5.61,0.607,305,83,158128,0.5202,6.05,0,2022-07-23,2022-10-14,0,1,>50%
PJT5507,Internal Tool,2021-10-19,84,754689,3,3,Low,7,59.7,0.573,4.77,0.86,102,18,981020,0.2999,7.08,0,2022-01-11,2022-01-29,0,0,25-50%
PJT4492,Infrastructure,2020-12-09,388,46762,6,5,Low,5,33.4,0.719,4.5,0.763,484,96,59827,0.2794,8.12,0,2022-01-01,2022-04-07,0,0,25-50%
PJT5925,AI/ML,2021-11-18,55,124683,6,2,Medium,4,34.5,0.554,4.83,0.691,53,-2,122688,-0.016,8.33,1,2022-01-12,2022-01-10,1,0,Under/OnBudget
PJT2133,Web App,2018-06-04,132,40499,3,3,Low,3,47.3,0.813,4.61,0.357,138,6,44885,0.1083,9.63,1,2018-10-14,2018-10-20,0,0,10-25%
PJT5865,Mobile App,2019-02-13,383,20251,7,3,Medium,9,28.5,0.797,7.12,0.662,378,-5,22029,0.0878,8.69,1,2020-03-02,2020-02-26,1,0,<10%
PJT8769,Web App,2019-01-05,127,47376,5,2,High,6,68.5,0.835,2.95,0.64,98,-29,33163,-0.3,7.06,0,2019-05-12,2019-04-13,1,0,Under/OnBudget
PJT9760,Web App,2018-04-16,214,94424,7,2,High,6,57.0,0.789,6.01,0.748,293,79,139578,0.4782,7.57,0,2018-11-16,2019-02-03,0,1,25-50%
PJT4000,Data Engineering,2021-11-20,120,58973,8,5,High,4,27.5,0.776,3.99,0.491,155,35,84591,0.4344,6.9,0,2022-03-20,2022-04-24,0,1,25-50%
PJT8666,Mobile App,2018-03-29,84,43006,3,4,Medium,7,60.2,0.737,3.81,0.806,76,-8,38495,-0.1049,7.67,0,2018-06-21,2018-06-13,1,0,Under/OnBudget
PJT7704,Internal Tool,2021-06-04,410,18259,2,5,Medium,6,63.3,0.427,4.43,0.781,460,50,21516,0.1784,6.68,0,2022-07-19,2022-09-07,0,0,10-25%
PJT8365,AI/ML,2021-01-26,124,89346,8,5,Medium,6,27.9,0.923,8.37,0.312,162,38,132036,0.4778,6.87,0,2021-05-30,2021-07-07,0,1,25-50%
PJT7632,Internal Tool,2019-07-03,351,16225,6,2,Low,2,27.5,0.331,6.03,0.811,346,-5,17755,0.0943,9.07,1,2020-06-18,2020-06-13,1,0,<10%
PJT2767,AI/ML,2018-01-28,73,245749,7,3,Medium,6,35.8,0.491,8.35,0.682,61,-12,209747,-0.1465,8.14,1,2018-04-11,2018-03-30,1,0,Under/OnBudget
PJT3074,AI/ML,2018-01-09,69,108981,8,3,Low,4,23.8,0.757,2.97,0.499,62,-7,85147,-0.2187,9.09,1,2018-03-19,2018-03-12,1,0,Under/OnBudget
PJT2141,Mobile App,2018-10-25,34,17170,8,3,Medium,7,33.3,0.733,5.01,0.798,48,14,27122,0.5796,7.12,0,2018-11-28,2018-12-12,0,1,>50%
PJT2077,Web App,2019-12-23,220,68115,11,3,Medium,8,39.0,0.612,7.9,0.771,241,21,84170,0.2357,6.26,0,2020-07-30,2020-08-20,0,0,10-25%
PJT5599,Infrastructure,2019-10-31,111,40031,6,3,Medium,6,52.6,0.546,6.25,0.649,142,31,57561,0.4379,7.75,0,2020-02-19,2020-03-21,0,1,25-50%
PJT7120,Mobile App,2020-05-04,333,144786,5,3,High,3,46.2,0.484,5.08,0.743,471,138,243298,0.6804,6.97,0,2021-04-02,2021-08-18,0,1,>50%
PJT9343,Web App,2021-02-01,146,493136,5,3,Medium,4,42.8,0.714,2.28,0.769,155,9,507190,0.0285,8.35,1,2021-06-27,2021-07-06,0,0,<10%
PJT5832,AI/ML,2019-07-05,399,10402,3,2,High,5,37.8,0.83,5.28,0.822,479,80,13337,0.2822,7.27,0,2020-08-07,2020-10-26,0,0,25-50%
PJT9670,Web App,2018-08-23,63,113327,6,3,Low,3,25.4,0.599,6.02,0.938,48,-15,79329,-0.3,8.74,1,2018-10-25,2018-10-10,1,0,Under/OnBudget
PJT2685,Data Engineering,2021-03-14,336,81458,4,3,Medium,5,53.9,0.555,4.44,0.887,345,9,84179,0.0334,8.8,1,2022-02-13,2022-02-22,0,0,<10%
PJT4491,Data Engineering,2019-05-01,283,220932,10,3,Medium,8,53.5,0.79,5.77,0.784,339,56,288162,0.3043,7.89,0,2020-02-08,2020-04-04,0,0,25-50%
PJT2371,Data Engineering,2019-02-23,280,127495,6,2,Medium,8,35.7,0.73,8.25,0.514,306,26,145778,0.1434,7.6,0,2019-11-30,2019-12-26,0,0,10-25%
PJT6459,Mobile App,2021-01-20,322,40040,6,4,High,5,28.5,0.649,6.28,0.628,402,80,56601,0.4136,6.46,0,2021-12-08,2022-02-26,0,0,25-50%
PJT4423,Web App,2021-09-25,275,67315,5,1,Low,5,68.3,0.761,4.71,0.777,309,34,80071,0.1895,8.88,1,2022-06-27,2022-07-31,0,0,10-25%
PJT4976,Data Engineering,2021-08-28,209,37978,2,3,Medium,8,48.7,0.811,4.68,0.532,242,33,49242,0.2966,6.84,0,2022-03-25,2022-04-27,0,0,25-50%
PJT2398,Mobile App,2018-07-20,51,359047,2,4,Medium,5,51.0,0.744,9.28,0.419,59,8,466582,0.2995,7.41,0,2018-09-09,2018-09-17,0,0,25-50%
PJT6361,Data Engineering,2020-01-05,34,101273,5,3,High,4,51.6,0.768,6.91,0.39,39,5,133326,0.3165,6.87,0,2020-02-08,2020-02-13,0,0,25-50%
PJT2401,Data Engineering,2018-05-16,368,966493,3,2,Low,3,27.0,0.465,5.59,0.801,334,-34,891493,-0.0776,9.48,1,2019-05-19,2019-04-15,1,0,Under/OnBudget
PJT2412,Internal Tool,2021-11-04,204,91785,6,4,High,7,67.5,0.676,5.74,0.451,224,20,103543,0.1281,6.56,0,2022-05-27,2022-06-16,0,0,10-25%
PJT7430,Mobile App,2018-11-11,294,42189,9,3,Medium,4,38.9,0.539,8.3,0.648,396,102,63541,0.5061,6.73,0,2019-09-01,2019-12-12,0,1,>50%
PJT4230,Mobile App,2018-10-16,149,16051,9,4,Low,4,57.3,0.924,9.0,0.508,184,35,20332,0.2667,7.6,0,2019-03-14,2019-04-18,0,0,25-50%
PJT8521,Internal Tool,2021-07-21,49,11342,7,4,Medium,5,66.9,0.643,7.23,0.686,50,1,11837,0.0436,6.6,0,2021-09-08,2021-09-09,0,0,<10%
PJT6849,Mobile App,2021-11-14,50,14751,4,3,Medium,3,46.2,0.799,5.06,0.67,56,6,16905,0.146,7.0,0,2022-01-03,2022-01-09,0,0,10-25%
PJT7056,Web App,2020-10-15,236,136019,9,3,Medium,5,27.3,0.862,4.83,0.735,211,-25,113358,-0.1666,8.09,1,2021-06-08,2021-05-14,1,0,Under/OnBudget
PJT5722,AI/ML,2018-06-26,131,181765,9,2,High,4,15.0,0.654,8.92,0.728,146,15,210120,0.156,6.63,0,2018-11-04,2018-11-19,0,0,10-25%
PJT9109,Data Engineering,2019-12-11,66,14803,4,2,Medium,6,44.4,0.371,7.61,0.538,82,16,19731,0.3329,7.85,0,2020-02-15,2020-03-02,0,0,25-50%
PJT2264,Infrastructure,2021-04-07,153,288961,7,3,Medium,5,48.8,0.751,2.79,0.705,176,23,346291,0.1984,9.22,1,2021-09-07,2021-09-30,0,0,10-25%
PJT3259,AI/ML,2020-04-15,39,55289,4,3,Medium,5,36.3,0.738,6.93,0.859,44,5,65468,0.1841,7.75,0,2020-05-24,2020-05-29,0,0,10-25%
PJT1362,Web App,2018-07-13,189,117730,8,3,Low,2,47.0,0.456,5.11,0.625,171,-18,104603,-0.1115,9.55,1,2019-01-18,2018-12-31,1,0,Under/OnBudget
PJT7276,AI/ML,2018-09-08,83,683283,15,2,Low,5,51.5,0.751,6.48,0.716,73,-10,550179,-0.1948,9.02,1,2018-11-30,2018-11-20,1,0,Under/OnBudget
PJT7420,Data Engineering,2021-06-15,295,289586,2,1,Medium,3,59.9,0.844,3.72,0.852,359,64,362359,0.2513,7.93,0,2022-04-06,2022-06-09,0,0,25-50%
PJT6384,Web App,2020-02-09,94,71522,9,3,Medium,3,41.6,0.576,6.76,0.871,128,34,110373,0.5432,7.73,0,2020-05-13,2020-06-16,0,1,>50%
PJT7748,AI/ML,2020-10-27,140,33880,6,2,Low,5,44.3,0.261,4.92,0.654,158,18,41401,0.222,7.26,0,2021-03-16,2021-04-03,0,0,10-25%
PJT8831,Internal Tool,2019-06-29,31,7464,12,4,Medium,4,42.3,0.696,7.11,0.406,36,5,8855,0.1863,7.1,0,2019-07-30,2019-08-04,0,0,10-25%
PJT1666,Infrastructure,2020-02-17,41,41648,5,1,Medium,3,45.5,0.516,4.45,0.58,49,8,57737,0.3863,7.54,0,2020-03-29,2020-04-06,0,0,25-50%
PJT3812,Infrastructure,2021-11-27,118,76622,8,3,Low,4,37.3,0.247,5.01,0.851,111,-7,71350,-0.0688,8.06,1,2022-03-25,2022-03-18,1,0,Under/OnBudget
PJT3475,Infrastructure,2019-04-27,149,30194,3,5,Medium,2,37.2,0.387,4.71,0.73,189,40,44406,0.4707,6.96,0,2019-09-23,2019-11-02,0,1,25-50%
PJT7973,Mobile App,2020-09-12,197,84330,4,2,Low,6,38.2,0.509,5.55,0.57,189,-8,79920,-0.0523,8.84,1,2021-03-28,2021-03-20,1,0,Under/OnBudget
PJT4100,Mobile App,2018-09-09,89,108253,3,3,High,7,47.3,0.576,7.48,0.763,104,15,128410,0.1862,7.43,0,2018-12-07,2018-12-22,0,0,10-25%
PJT4401,Internal Tool,2018-06-27,241,75371,12,1,High,3,32.3,0.71,5.31,0.815,265,24,84024,0.1148,8.42,1,2019-02-23,2019-03-19,0,0,10-25%
PJT6015,Internal Tool,2021-02-18,331,45252,8,3,Medium,5,38.2,0.746,7.96,0.732,339,8,52225,0.1541,7.36,0,2022-01-15,2022-01-23,0,0,10-25%
PJT3551,Internal Tool,2021-05-17,285,120860,9,3,Low,4,72.1,0.754,6.58,0.515,328,43,153722,0.2719,7.56,0,2022-02-26,2022-04-10,0,0,25-50%
PJT3151,Data Engineering,2020-09-02,35,167767,10,3,High,6,58.4,0.632,6.4,0.756,33,-2,168455,0.0041,6.04,0,2020-10-07,2020-10-05,1,0,<10%
PJT7637,AI/ML,2018-08-19,149,26676,3,3,High,6,30.6,0.441,5.24,0.723,172,23,31323,0.1742,6.74,0,2019-01-15,2019-02-07,0,0,10-25%
PJT1387,AI/ML,2018-12-18,46,536659,5,4,High,2,58.0,0.763,4.09,0.722,54,8,695725,0.2964,6.88,0,2019-02-02,2019-02-10,0,0,25-50%
PJT6864,Internal Tool,2021-08-23,76,87701,3,2,Low,2,54.4,0.49,4.47,0.941,83,7,100084,0.1412,9.71,1,2021-11-07,2021-11-14,0,0,10-25%
PJT4161,AI/ML,2019-02-26,411,100974,4,1,Medium,5,43.4,0.631,4.81,0.856,340,-71,73236,-0.2747,9.11,1,2020-04-12,2020-02-01,1,0,Under/OnBudget
PJT3380,Infrastructure,2021-04-10,54,230927,4,4,High,2,34.4,0.836,7.14,0.545,58,4,253165,0.0963,7.15,0,2021-06-03,2021-06-07,0,0,<10%
PJT9568,Internal Tool,2019-02-22,156,130595,5,3,Medium,7,32.7,0.882,3.78,0.511,115,-41,100493,-0.2305,7.47,0,2019-07-28,2019-06-17,1,0,Under/OnBudget
PJT5335,Internal Tool,2021-10-03,205,309825,4,4,Medium,4,48.4,0.879,5.04,0.86,207,2,307439,-0.0077,7.29,0,2022-04-26,2022-04-28,0,0,Under/OnBudget
PJT2280,Mobile App,2021-08-28,245,139323,3,3,Medium,5,32.3,0.465,5.38,0.914,254,9,151681,0.0887,7.51,0,2022-04-30,2022-05-09,0,0,<10%
PJT1743,Mobile App,2018-03-05,180,47338,3,4,Medium,7,61.5,0.534,5.81,0.787,226,46,63447,0.3403,6.86,0,2018-09-01,2018-10-17,0,1,25-50%
PJT8356,Web App,2021-01-29,31,152330,3,3,Low,5,65.7,0.905,5.83,0.764,25,-6,106631,-0.3,8.51,1,2021-03-01,2021-02-23,1,0,Under/OnBudget
PJT4486,AI/ML,2018-09-05,98,25022,12,4,Medium,7,44.4,0.641,5.46,0.472,125,27,34658,0.3851,7.78,0,2018-12-12,2019-01-08,0,1,25-50%
PJT9023,Web App,2018-11-11,163,112451,7,5,Low,1,62.1,0.751,4.15,0.537,156,-7,109707,-0.0244,7.48,0,2019-04-23,2019-04-16,1,0,Under/OnBudget
PJT2068,Mobile App,2019-11-03,43,94857,11,3,Medium,3,38.8,0.317,8.96,0.888,45,2,109133,0.1505,7.17,0,2019-12-16,2019-12-18,0,0,10-25%
PJT7971,AI/ML,2020-04-21,105,76900,5,2,Low,4,34.3,0.788,4.92,0.721,124,19,94041,0.2229,9.51,1,2020-08-04,2020-08-23,0,0,10-25%
PJT8526,Mobile App,2019-04-21,34,84606,4,2,Medium,9,61.5,0.551,9.51,0.729,46,12,127611,0.5083,7.6,0,2019-05-25,2019-06-06,0,1,>50%
PJT9534,AI/ML,2020-04-20,42,10319,8,2,Low,4,68.7,0.748,6.46,0.595,39,-3,9192,-0.1092,8.77,1,2020-06-01,2020-05-29,1,0,Under/OnBudget
PJT1630,Web App,2018-09-07,120,51100,4,2,Medium,5,74.4,0.652,4.18,0.705,120,0,50334,-0.015,8.73,1,2019-01-05,2019-01-05,1,0,Under/OnBudget
PJT1297,Web App,2018-02-02,52,110350,4,2,High,6,50.0,0.603,4.31,0.933,58,6,127609,0.1564,7.76,0,2018-03-26,2018-04-01,0,0,10-25%
PJT9148,Internal Tool,2020-04-13,183,119590,4,3,Low,6,57.9,0.714,3.1,0.822,162,-21,107535,-0.1008,9.0,1,2020-10-13,2020-09-22,1,0,Under/OnBudget
PJT9889,Mobile App,2020-01-26,238,28761,3,3,Low,3,49.7,0.62,6.41,0.77,209,-29,21418,-0.2553,9.19,1,2020-09-20,2020-08-22,1,0,Under/OnBudget
PJT6316,Web App,2020-10-03,296,450832,4,3,Low,3,66.1,0.618,2.44,0.528,302,6,469857,0.0422,9.63,1,2021-07-26,2021-08-01,0,0,<10%
PJT2505,AI/ML,2020-08-06,66,34912,5,3,High,5,51.5,0.485,7.44,0.823,72,6,40407,0.1574,6.9,0,2020-10-11,2020-10-17,0,0,10-25%
PJT3825,Infrastructure,2021-08-03,59,315953,7,1,Medium,7,57.1,0.47,3.85,0.764,64,5,367769,0.164,8.63,1,2021-10-01,2021-10-06,0,0,10-25%
PJT9570,Web App,2019-11-02,46,164824,3,1,Medium,6,28.0,0.628,5.86,0.736,56,10,246989,0.4985,7.66,0,2019-12-18,2019-12-28,0,0,25-50%
PJT9897,AI/ML,2018-01-13,213,45457,4,2,Low,6,41.5,0.55,7.66,0.633,226,13,48171,0.0597,8.92,1,2018-08-14,2018-08-27,0,0,<10%
PJT3414,Web App,2020-07-09,247,830990,8,3,Medium,4,57.2,0.627,4.4,0.64,237,-10,831738,0.0009,8.0,1,2021-03-13,2021-03-03,1,0,<10%
PJT6656,Web App,2020-09-12,34,23568,3,2,High,7,55.9,0.595,4.99,0.367,39,5,28769,0.2207,7.5,0,2020-10-16,2020-10-21,0,0,10-25%
PJT9962,AI/ML,2020-02-01,378,297445,5,2,High,4,58.5,0.842,7.3,0.286,432,54,377844,0.2703,6.97,0,2021-02-13,2021-04-08,0,0,25-50%
PJT6147,AI/ML,2020-10-03,37,327977,9,3,Medium,8,46.8,0.488,7.83,0.941,41,4,390325,0.1901,5.71,0,2020-11-09,2020-11-13,0,0,10-25%
PJT5444,AI/ML,2019-04-18,172,44146,3,4,Low,5,35.2,0.588,6.76,0.64,169,-3,44067,-0.0018,8.93,1,2019-10-07,2019-10-04,1,0,Under/OnBudget
PJT8547,Infrastructure,2018-08-06,248,524898,3,1,Low,5,44.1,0.749,7.27,0.737,191,-57,367429,-0.3,9.53,1,2019-04-11,2019-02-13,1,0,Under/OnBudget
PJT2446,Data Engineering,2020-08-28,337,73126,5,3,Low,4,45.7,0.54,8.03,0.653,387,50,90684,0.2401,8.48,0,2021-07-31,2021-09-19,0,0,10-25%
PJT3402,AI/ML,2018-12-24,251,139585,4,3,Low,5,48.6,0.812,5.74,0.78,221,-30,118256,-0.1528,9.0,1,2019-09-01,2019-08-02,1,0,Under/OnBudget
PJT6642,Mobile App,2019-10-29,297,134913,6,4,Low,2,30.5,0.576,3.2,0.833,360,63,187516,0.3899,7.83,0,2020-08-21,2020-10-23,0,0,25-50%
PJT2826,Internal Tool,2019-12-19,102,84022,8,5,Low,3,41.0,0.744,8.41,0.875,109,7,86862,0.0338,7.42,0,2020-03-30,2020-04-06,0,0,<10%
PJT8918,Web App,2019-11-28,304,261181,3,1,Medium,7,43.7,0.715,4.78,0.752,293,-11,259875,-0.005,8.81,1,2020-09-27,2020-09-16,1,0,Under/OnBudget
PJT4847,Mobile App,2020-05-23,42,255809,6,2,High,5,15.0,0.77,4.15,0.483,46,4,288399,0.1274,7.27,0,2020-07-04,2020-07-08,0,0,10-25%
PJT2092,Web App,2018-02-13,352,12110,6,4,Medium,6,57.5,0.849,6.61,0.587,414,62,14877,0.2285,6.92,0,2019-01-31,2019-04-03,0,0,10-25%
PJT5677,Web App,2021-12-15,175,472224,3,3,High,7,47.5,0.291,4.57,0.518,199,24,544994,0.1541,6.56,0,2022-06-08,2022-07-02,0,0,10-25%
PJT2720,Data Engineering,2020-11-11,306,13427,6,3,Medium,2,49.0,0.706,2.92,0.911,292,-14,12926,-0.0373,8.44,1,2021-09-13,2021-08-30,1,0,Under/OnBudget
PJT1882,Internal Tool,2019-09-14,139,340801,4,3,Low,7,37.3,0.77,4.17,0.353,158,19,415300,0.2186,8.67,1,2020-01-31,2020-02-19,0,0,10-25%
PJT1123,Infrastructure,2018-10-07,216,381569,5,3,Medium,5,53.8,0.852,3.41,0.734,201,-15,344175,-0.098,8.7,1,2019-05-11,2019-04-26,1,0,Under/OnBudget
PJT4490,Mobile App,2018-04-28,166,26658,3,5,Low,5,32.5,0.294,6.51,0.758,203,37,34871,0.3081,7.1,0,2018-10-11,2018-11-17,0,0,25-50%
PJT6797,Web App,2020-09-08,259,60296,5,5,Medium,7,34.9,0.493,6.07,0.421,336,77,88949,0.4752,6.53,0,2021-05-25,2021-08-10,0,1,25-50%
PJT1602,Web App,2019-04-08,42,26191,4,4,Medium,6,54.4,0.661,8.18,0.558,53,11,36159,0.3806,6.9,0,2019-05-20,2019-05-31,0,1,25-50%
PJT4831,Web App,2018-12-02,39,76275,8,2,High,5,50.4,0.33,6.42,0.775,47,8,102727,0.3468,6.16,0,2019-01-10,2019-01-18,0,0,25-50%
PJT6460,AI/ML,2019-07-09,77,68211,2,4,Low,0,25.8,0.683,6.49,0.623,65,-12,47748,-0.3,6.8,0,2019-09-24,2019-09-12,1,0,Under/OnBudget
PJT9496,Infrastructure,2020-05-15,57,251599,5,1,Low,7,68.7,0.453,8.73,0.767,50,-7,203317,-0.1919,9.25,1,2020-07-11,2020-07-04,1,0,Under/OnBudget
PJT7946,Infrastructure,2020-09-07,338,475618,5,2,High,5,33.6,0.533,5.1,0.596,329,-9,459447,-0.034,7.94,0,2021-08-11,2021-08-02,1,0,Under/OnBudget
PJT4228,Web App,2020-07-30,70,526929,7,4,Low,5,43.0,0.409,2.86,0.892,72,2,542052,0.0287,7.62,0,2020-10-08,2020-10-10,0,0,<10%
PJT7508,Data Engineering,2021-06-14,404,50282,6,2,Medium,6,71.2,0.824,6.37,0.85,464,60,56718,0.128,8.41,1,2022-07-23,2022-09-21,0,0,10-25%
PJT3313,Infrastructure,2018-11-16,101,76798,7,2,Medium,8,15.0,0.56,5.21,0.766,93,-8,70332,-0.0842,9.71,1,2019-02-25,2019-02-17,1,0,Under/OnBudget
PJT4289,AI/ML,2020-07-18,62,13094,8,2,High,4,19.4,0.381,6.15,0.777,74,12,16254,0.2413,7.1,0,2020-09-18,2020-09-30,0,0,10-25%
PJT7996,AI/ML,2018-05-28,290,37532,9,4,High,6,51.6,0.435,4.42,0.464,376,86,56471,0.5046,6.13,0,2019-03-14,2019-06-08,0,1,>50%
PJT5844,Mobile App,2020-03-10,224,314212,4,3,High,4,15.0,0.859,3.92,0.894,223,-1,311573,-0.0084,6.86,0,2020-10-20,2020-10-19,1,0,Under/OnBudget
PJT3198,Web App,2020-05-02,155,686046,6,3,Low,1,15.0,0.682,5.45,0.427,137,-18,599810,-0.1257,9.49,1,2020-10-04,2020-09-16,1,0,Under/OnBudget
PJT9877,Mobile App,2018-11-12,178,22444,8,2,High,3,62.6,0.748,2.79,0.802,227,49,32546,0.4501,6.53,0,2019-05-09,2019-06-27,0,1,25-50%
PJT5235,Infrastructure,2019-07-26,253,48487,13,4,Medium,4,38.9,0.439,4.38,0.728,250,-3,49583,0.0226,6.48,0,2020-04-04,2020-04-01,1,0,<10%
PJT9246,Web App,2021-04-22,72,95637,9,4,Medium,5,77.9,0.574,5.11,0.43,88,16,124892,0.3059,7.9,0,2021-07-03,2021-07-19,0,0,25-50%
PJT4212,Web App,2018-08-05,418,138164,5,2,Low,4,29.5,0.35,6.93,0.903,505,87,186563,0.3503,7.85,0,2019-09-27,2019-12-23,0,0,25-50%
PJT5169,Web App,2019-09-27,403,37364,4,3,Medium,5,40.2,0.557,2.91,0.474,391,-12,34446,-0.0781,6.96,0,2020-11-03,2020-10-22,1,0,Under/OnBudget
PJT4206,Web App,2021-09-23,220,164205,5,2,High,2,53.1,0.746,4.59,0.634,209,-11,157341,-0.0418,7.05,0,2022-05-01,2022-04-20,1,0,Under/OnBudget
PJT1641,Internal Tool,2020-01-06,66,55904,7,5,High,2,52.1,0.653,3.43,0.672,77,11,69712,0.247,6.64,0,2020-03-12,2020-03-23,0,0,10-25%
PJT5839,Infrastructure,2020-11-24,234,97019,5,3,Medium,5,41.2,0.486,6.01,0.709,280,46,117888,0.2151,7.1,0,2021-07-16,2021-08-31,0,0,10-25%
PJT7169,Mobile App,2021-04-22,41,190145,5,5,Low,5,35.3,0.623,3.95,0.663,39,-2,187825,-0.0122,7.77,0,2021-06-02,2021-05-31,1,0,Under/OnBudget
PJT8655,Web App,2018-10-25,34,99479,8,2,Medium,5,48.5,0.503,3.26,0.868,46,12,156839,0.5766,7.45,0,2018-11-28,2018-12-10,0,1,>50%
PJT1061,Mobile App,2018-11-15,80,58474,5,4,High,6,65.7,0.606,7.77,0.663,103,23,84904,0.452,7.03,0,2019-02-03,2019-02-26,0,1,25-50%
PJT2223,Mobile App,2021-01-12,142,86549,9,4,Medium,4,56.4,0.631,7.21,0.764,145,3,89327,0.0321,8.54,1,2021-06-03,2021-06-06,0,0,<10%
PJT1492,Web App,2021-01-04,336,88784,5,4,Medium,9,35.5,0.465,6.26,0.59,339,3,86467,-0.0261,6.98,0,2021-12-06,2021-12-09,0,0,Under/OnBudget
PJT7822,Mobile App,2018-03-29,257,63322,4,5,Low,7,30.1,0.853,9.77,0.634,280,23,71946,0.1362,7.55,0,2018-12-11,2019-01-03,0,0,10-25%
PJT7611,Mobile App,2019-04-16,265,72363,5,3,Medium,2,34.6,0.563,6.23,0.561,314,49,92031,0.2718,7.66,0,2020-01-06,2020-02-24,0,0,25-50%
PJT2139,AI/ML,2019-08-05,129,672244,8,2,Medium,3,25.9,0.873,3.72,0.68,164,35,1002786,0.4917,6.58,0,2019-12-12,2020-01-16,0,1,25-50%
PJT6490,AI/ML,2021-04-25,104,193514,3,3,High,4,47.2,0.673,6.39,0.851,124,20,246189,0.2722,6.89,0,2021-08-07,2021-08-27,0,0,25-50%
PJT7794,Web App,2019-09-08,112,69246,4,4,Medium,6,57.2,0.8,4.65,0.757,122,10,77819,0.1238,8.02,0,2019-12-29,2020-01-08,0,0,10-25%
PJT2255,Mobile App,2021-09-13,412,227828,11,3,Medium,7,43.9,0.302,6.07,0.558,435,23,238126,0.0452,8.48,1,2022-10-30,2022-11-22,0,0,<10%
PJT3495,AI/ML,2021-12-26,35,66133,3,2,Medium,4,70.8,0.39,7.15,0.806,40,5,83076,0.2562,7.63,0,2022-01-30,2022-02-04,0,0,25-50%
PJT4285,AI/ML,2021-02-13,335,403426,6,3,Low,5,71.6,0.698,3.71,0.476,398,63,520581,0.2904,8.12,0,2022-01-14,2022-03-18,0,0,25-50%
PJT3255,Internal Tool,2020-08-30,188,153825,6,2,High,5,49.6,0.714,2.83,0.695,172,-16,126629,-0.1768,8.05,1,2021-03-06,2021-02-18,1,0,Under/OnBudget
PJT2125,Infrastructure,2019-07-27,134,86789,5,3,Medium,3,55.5,0.927,3.89,0.798,138,4,96709,0.1143,8.51,1,2019-12-08,2019-12-12,0,0,10-25%
PJT4881,Web App,2018-04-08,256,168933,7,3,Medium,3,31.5,0.645,4.92,0.384,229,-27,160638,-0.0491,6.41,0,2018-12-20,2018-11-23,1,0,Under/OnBudget
PJT5105,Web App,2020-04-16,151,14987,4,4,Medium,7,39.6,0.56,3.58,0.877,135,-16,13625,-0.0909,8.55,1,2020-09-14,2020-08-29,1,0,Under/OnBudget
PJT2146,AI/ML,2019-06-13,339,25537,6,2,Medium,3,64.1,0.534,2.91,0.535,443,104,38548,0.5095,7.59,0,2020-05-17,2020-08-29,0,1,>50%
PJT1786,Web App,2019-05-28,355,23560,5,3,Medium,8,36.3,0.42,4.76,0.753,467,112,33422,0.4186,7.52,0,2020-05-17,2020-09-06,0,1,25-50%
PJT1258,AI/ML,2020-10-01,128,117188,7,2,Medium,8,67.3,0.752,8.24,0.725,141,13,121395,0.0359,9.69,1,2021-02-06,2021-02-19,0,0,<10%
PJT4849,Data Engineering,2019-11-08,85,789392,3,2,Low,5,61.7,0.672,2.79,0.909,80,-5,765710,-0.03,9.23,1,2020-02-01,2020-01-27,1,0,Under/OnBudget
PJT7430,AI/ML,2021-01-03,194,1436270,6,4,Medium,5,56.3,0.504,2.54,0.861,209,15,1617096,0.1259,6.42,0,2021-07-16,2021-07-31,0,0,10-25%
PJT7174,Mobile App,2019-08-05,363,212280,4,5,Low,3,27.4,0.558,4.05,0.517,328,-35,187592,-0.1163,6.66,0,2020-08-02,2020-06-28,1,0,Under/OnBudget
PJT5616,AI/ML,2018-08-09,68,180054,4,3,Medium,3,40.3,0.703,1.97,0.855,69,1,179316,-0.0041,8.32,1,2018-10-16,2018-10-17,0,0,Under/OnBudget
PJT9180,Mobile App,2019-11-05,207,11370,4,4,Low,6,54.7,0.954,8.09,0.795,243,36,14183,0.2474,7.4,0,2020-05-30,2020-07-05,0,0,10-25%
PJT1715,AI/ML,2021-10-20,211,51472,4,4,Medium,5,30.2,0.723,3.28,0.844,210,-1,53696,0.0432,9.67,1,2022-05-19,2022-05-18,1,0,<10%
PJT2643,Data Engineering,2021-03-16,260,38356,8,4,High,4,42.1,0.427,3.12,0.492,326,66,54861,0.4303,6.66,0,2021-12-01,2022-02-05,0,1,25-50%
PJT1123,Mobile App,2018-10-28,51,46863,4,2,High,6,56.3,0.731,3.59,0.744,54,3,51484,0.0986,9.29,1,2018-12-18,2018-12-21,0,0,<10%
PJT2773,Data Engineering,2019-07-26,251,80679,10,5,Medium,3,36.5,0.683,5.62,0.897,255,4,76338,-0.0538,6.74,0,2020-04-02,2020-04-06,0,0,Under/OnBudget
PJT3177,Internal Tool,2021-09-16,361,56022,11,3,Medium,12,32.3,0.688,5.54,0.874,465,104,83081,0.483,6.62,0,2022-09-12,2022-12-25,0,1,25-50%
PJT7889,Web App,2018-06-30,61,9181,6,3,Low,1,18.0,0.745,5.42,0.748,45,-16,6427,-0.3,8.59,1,2018-08-30,2018-08-14,1,0,Under/OnBudget
PJT2503,Web App,2019-01-06,75,242194,3,1,Medium,6,39.2,0.753,5.24,0.918,102,27,358665,0.4809,7.24,0,2019-03-22,2019-04-18,0,1,25-50%
PJT6661,Web App,2019-01-18,401,27247,5,3,High,1,56.6,0.283,3.14,0.717,539,138,40811,0.4978,6.84,0,2020-02-23,2020-07-10,0,1,25-50%
PJT8094,Web App,2020-04-13,62,131544,8,2,Low,6,31.9,0.708,7.54,0.775,63,1,144067,0.0952,9.4,1,2020-06-14,2020-06-15,0,0,<10%
PJT3124,Web App,2019-08-23,327,1189328,5,2,Medium,1,45.3,0.543,3.23,0.729,333,6,1203124,0.0116,8.57,1,2020-07-15,2020-07-21,0,0,<10%
PJT4254,Infrastructure,2018-04-27,153,32753,3,2,High,4,41.6,0.525,9.02,0.505,178,25,39480,0.2054,7.5,0,2018-09-27,2018-10-22,0,0,10-25%
PJT3413,Web App,2020-07-07,77,5000,6,4,High,3,35.0,0.498,7.33,0.809,95,18,6806,0.3612,7.22,0,2020-09-22,2020-10-10,0,0,25-50%
PJT5387,Mobile App,2018-05-25,337,70038,8,4,Low,3,57.6,0.511,5.79,0.646,390,53,80971,0.1561,7.17,0,2019-04-27,2019-06-19,0,0,10-25%
PJT7089,Internal Tool,2020-06-04,136,369961,8,2,Medium,5,69.6,0.466,6.49,0.64,137,1,359454,-0.0284,9.36,1,2020-10-18,2020-10-19,0,0,Under/OnBudget
PJT6833,Web App,2020-01-11,162,1035109,3,4,Low,5,60.1,0.48,5.67,0.736,179,17,1178886,0.1389,6.33,0,2020-06-21,2020-07-08,0,0,10-25%
PJT1156,Internal Tool,2019-12-22,108,22574,7,4,Low,5,34.6,0.919,3.97,0.67,117,9,25136,0.1135,7.62,1,2020-04-08,2020-04-17,0,0,10-25%
PJT6003,Mobile App,2018-04-09,194,179161,4,4,High,9,74.9,0.794,5.03,0.855,224,30,220691,0.2318,7.12,0,2018-10-20,2018-11-19,0,0,10-25%
PJT6753,Web App,2020-07-22,58,56479,4,2,High,3,60.0,0.78,3.47,0.705,86,28,95111,0.684,6.89,0,2020-09-18,2020-10-16,0,1,>50%
PJT1917,Infrastructure,2019-09-22,118,86930,9,4,High,3,38.1,0.79,7.21,0.648,137,19,109141,0.2555,7.8,0,2020-01-18,2020-02-06,0,0,25-50%
PJT7253,AI/ML,2019-08-24,400,2000000,4,5,Low,6,33.4,0.576,8.75,0.769,358,-42,1561200,-0.2194,7.05,0,2020-09-27,2020-08-16,1,0,Under/OnBudget
PJT2702,Internal Tool,2020-05-20,80,16260,4,4,High,6,61.8,0.536,4.36,0.899,85,5,17624,0.0839,6.2,0,2020-08-08,2020-08-13,0,0,<10%
PJT2665,Infrastructure,2020-06-04,223,133852,2,3,Medium,3,47.6,0.843,6.61,0.718,265,42,172013,0.2851,8.04,0,2021-01-13,2021-02-24,0,0,25-50%
PJT6389,Internal Tool,2018-01-22,98,173032,9,3,Medium,7,32.2,0.814,2.69,0.857,96,-2,169935,-0.0179,9.03,1,2018-04-30,2018-04-28,1,0,Under/OnBudget
PJT8163,Mobile App,2018-07-02,282,363285,8,3,Medium,4,42.8,0.965,6.06,0.707,261,-21,328955,-0.0945,9.47,1,2019-04-10,2019-03-20,1,0,Under/OnBudget
PJT6807,Web App,2018-12-12,51,111033,6,3,Low,1,38.9,0.376,7.61,0.562,65,14,156823,0.4124,7.21,0,2019-02-01,2019-02-15,0,1,25-50%
PJT3111,Infrastructure,2020-09-16,400,142866,7,2,High,7,32.6,0.273,6.85,0.486,514,114,196755,0.3772,7.28,0,2021-10-21,2022-02-12,0,1,25-50%
PJT4714,Internal Tool,2020-04-22,139,61699,3,2,Medium,7,60.2,0.627,6.94,0.306,147,8,65395,0.0599,8.46,1,2020-09-08,2020-09-16,0,0,<10%
PJT7983,Data Engineering,2021-01-11,74,136346,5,4,Low,2,56.7,0.692,2.42,0.973,57,-17,95442,-0.3,7.93,1,2021-03-26,2021-03-09,1,0,Under/OnBudget
PJT6110,Mobile App,2020-12-17,41,65393,5,4,Low,5,57.6,0.855,5.59,0.742,44,3,78851,0.2058,9.17,1,2021-01-27,2021-01-30,0,0,10-25%
PJT3397,Mobile App,2021-05-30,59,208123,3,2,Low,6,57.4,0.598,2.74,0.424,63,4,219986,0.057,8.97,1,2021-07-28,2021-08-01,0,0,<10%
PJT6454,Infrastructure,2019-07-05,164,63352,5,5,Low,9,31.3,0.686,6.23,0.571,230,66,92405,0.4586,6.6,0,2019-12-16,2020-02-20,0,1,25-50%
PJT2555,Mobile App,2019-05-19,101,155208,10,3,Medium,3,35.9,0.587,3.34,0.573,95,-6,143505,-0.0754,8.01,1,2019-08-28,2019-08-22,1,0,Under/OnBudget
PJT5502,Data Engineering,2021-04-28,312,95309,2,3,High,4,66.9,0.58,4.26,0.749,342,30,112198,0.1772,6.99,0,2022-03-06,2022-04-05,0,0,10-25%
PJT1343,Internal Tool,2018-12-13,131,381269,4,4,Low,10,46.6,0.765,6.2,0.808,151,20,452948,0.188,7.33,0,2019-04-23,2019-05-13,0,0,10-25%
PJT2544,Mobile App,2019-11-05,77,92812,4,4,Low,4,22.9,0.601,5.81,0.678,93,16,128220,0.3815,7.06,0,2020-01-21,2020-02-06,0,0,25-50%
PJT4996,Infrastructure,2018-10-11,204,11759,4,5,Medium,4,48.3,0.813,7.16,0.706,252,48,14892,0.2664,6.46,0,2019-05-03,2019-06-20,0,0,25-50%
PJT7848,Infrastructure,2021-08-27,247,448788,9,2,High,4,54.8,0.674,8.2,0.736,266,19,491557,0.0953,8.98,1,2022-05-01,2022-05-20,0,0,<10%
PJT9230,Web App,2019-08-19,59,33294,5,4,Medium,7,52.9,0.609,7.76,0.895,79,20,50380,0.5132,5.76,0,2019-10-17,2019-11-06,0,1,>50%
PJT5382,Internal Tool,2018-11-07,59,45048,5,2,Medium,8,30.9,0.481,4.15,0.806,61,2,49936,0.1085,9.22,1,2019-01-05,2019-01-07,0,0,10-25%
PJT9046,AI/ML,2020-10-07,35,48301,8,4,Medium,6,73.3,0.543,8.2,0.397,43,8,63009,0.3045,7.23,0,2020-11-11,2020-11-19,0,0,25-50%
PJT5986,Internal Tool,2018-12-24,262,513665,3,4,Low,6,22.5,0.678,4.54,0.824,301,39,645369,0.2564,6.68,0,2019-09-12,2019-10-21,0,0,25-50%
PJT4423,Mobile App,2021-10-09,226,7610,5,3,Low,3,46.7,0.616,3.71,0.778,290,64,10570,0.3889,6.53,0,2022-05-23,2022-07-26,0,1,25-50%
PJT1235,Internal Tool,2019-06-21,147,2000000,5,2,Medium,5,71.0,0.439,2.1,0.811,171,24,2449600,0.2248,7.69,0,2019-11-15,2019-12-09,0,0,10-25%
PJT8993,Mobile App,2020-08-28,321,350553,6,4,Medium,6,53.9,0.614,6.97,0.668,504,183,630154,0.7976,6.41,0,2021-07-15,2022-01-14,0,1,>50%
PJT6224,Web App,2019-05-20,299,129041,15,2,Medium,2,57.5,0.652,5.44,0.915,320,21,141455,0.0962,9.69,1,2020-03-14,2020-04-04,0,0,<10%
PJT2230,Internal Tool,2021-03-24,191,92423,8,1,Medium,8,29.2,0.789,3.46,0.738,236,45,108006,0.1686,10.0,1,2021-10-01,2021-11-15,0,0,10-25%
PJT1238,Web App,2021-08-02,336,139061,5,4,Medium,5,50.2,0.772,8.46,0.65,359,23,148879,0.0706,7.21,0,2022-07-04,2022-07-27,0,0,<10%
PJT5924,Mobile App,2021-02-24,67,184489,8,3,Low,4,44.5,0.918,3.9,0.672,71,4,201056,0.0898,8.95,1,2021-05-02,2021-05-06,0,0,<10%
PJT1051,Data Engineering,2021-05-23,48,214113,3,4,Medium,4,28.0,0.374,1.43,0.753,56,8,271816,0.2695,6.89,0,2021-07-10,2021-07-18,0,0,25-50%
PJT2056,Data Engineering,2018-05-29,83,192283,2,3,Low,2,58.0,0.67,3.86,0.841,100,17,240758,0.2521,6.65,0,2018-08-20,2018-09-06,0,0,25-50%
PJT9213,AI/ML,2021-09-11,38,109919,4,2,Low,5,32.7,0.38,7.81,0.717,42,4,131309,0.1946,9.06,1,2021-10-19,2021-10-23,0,0,10-25%
PJT9498,AI/ML,2020-06-30,168,77901,5,4,Medium,5,34.5,0.386,6.4,0.611,178,10,88651,0.138,6.77,0,2020-12-15,2020-12-25,0,0,10-25%
PJT8609,Mobile App,2021-06-23,378,82328,6,3,High,4,51.5,0.568,2.58,0.775,447,69,107858,0.3101,6.58,0,2022-07-06,2022-09-13,0,0,25-50%
PJT3609,Mobile App,2020-09-26,35,78128,6,2,High,2,42.9,0.455,5.3,0.707,37,2,85894,0.0994,7.3,0,2020-10-31,2020-11-02,0,0,<10%
PJT4600,Mobile App,2018-10-22,50,384817,10,4,Medium,4,47.5,0.457,5.31,0.745,66,16,518002,0.3461,7.07,0,2018-12-11,2018-12-27,0,1,25-50%
PJT2965,Infrastructure,2020-06-08,139,201243,6,3,Low,4,41.9,0.647,7.19,0.549,137,-2,193918,-0.0364,9.39,1,2020-10-25,2020-10-23,1,0,Under/OnBudget
PJT7532,Infrastructure,2018-05-13,376,5000,6,3,Low,1,66.2,0.51,4.02,0.741,303,-73,3709,-0.2582,8.78,1,2019-05-24,2019-03-12,1,0,Under/OnBudget
PJT4578,Internal Tool,2020-10-12,95,216876,2,3,High,8,31.1,0.774,4.79,0.816,100,5,220086,0.0148,7.2,0,2021-01-15,2021-01-20,0,0,<10%
PJT6561,Infrastructure,2019-08-21,159,124702,2,4,Medium,4,38.0,0.549,6.79,0.906,154,-5,117756,-0.0557,7.0,0,2020-01-27,2020-01-22,1,0,Under/OnBudget
PJT3543,Web App,2018-08-10,36,96524,6,4,Medium,10,52.2,0.247,7.94,0.459,43,7,117605,0.2184,7.3,0,2018-09-15,2018-09-22,0,0,10-25%
PJT1504,Mobile App,2021-11-30,55,61931,5,4,High,6,30.2,0.457,6.51,0.57,65,10,72354,0.1683,6.66,0,2022-01-24,2022-02-03,0,0,10-25%
PJT9328,Web App,2021-08-08,411,380384,8,2,Medium,3,29.5,0.451,7.02,0.821,429,18,440713,0.1586,9.79,1,2022-09-23,2022-10-11,0,0,10-25%
PJT6084,AI/ML,2021-07-28,397,307747,3,4,High,6,47.1,0.782,5.83,0.778,411,14,369173,0.1996,5.48,0,2022-08-29,2022-09-12,0,0,10-25%
PJT5014,Mobile App,2021-02-25,30,39048,2,3,Low,4,58.0,0.671,5.08,0.802,36,6,45374,0.162,7.81,0,2021-03-27,2021-04-02,0,0,10-25%
PJT7307,Internal Tool,2020-10-07,388,160888,5,4,Medium,3,60.0,0.521,5.59,0.662,451,63,207916,0.2923,7.43,0,2021-10-30,2022-01-01,0,0,25-50%
PJT4614,Mobile App,2020-08-14,214,30761,4,3,High,2,46.4,0.706,4.25,0.749,221,7,35572,0.1564,6.27,0,2021-03-16,2021-03-23,0,0,10-25%
PJT6142,Web App,2018-06-04,335,18854,2,4,Low,3,34.9,0.83,6.24,0.492,404,69,25402,0.3473,8.21,0,2019-05-05,2019-07-13,0,0,25-50%
PJT7071,Web App,2021-08-07,139,46534,7,4,Medium,5,49.1,0.607,4.67,0.781,133,-6,46390,-0.0031,7.01,0,2021-12-24,2021-12-18,1,0,Under/OnBudget
PJT5806,Infrastructure,2021-07-10,162,277860,3,2,Medium,3,53.5,0.7,6.44,0.578,194,32,375472,0.3513,7.34,0,2021-12-19,2022-01-20,0,0,25-50%
PJT1506,AI/ML,2020-12-27,152,309821,6,3,High,4,48.9,0.836,5.29,0.816,183,31,391490,0.2636,7.09,0,2021-05-28,2021-06-28,0,0,25-50%
PJT5003,Web App,2021-09-15,227,182719,4,4,Low,3,63.5,0.423,3.76,0.518,228,1,188402,0.0311,7.74,0,2022-04-30,2022-05-01,0,0,<10%
PJT9899,Web App,2020-03-18,53,235653,3,1,Medium,6,29.8,0.327,4.17,0.665,64,11,332059,0.4091,7.67,0,2020-05-10,2020-05-21,0,0,25-50%
PJT8611,Infrastructure,2019-10-16,34,183398,5,5,Low,5,34.5,0.604,2.53,0.68,39,5,228129,0.2439,7.15,0,2019-11-19,2019-11-24,0,0,10-25%
PJT2707,Web App,2021-11-14,93,45717,8,3,Medium,5,61.4,0.706,3.37,0.984,84,-9,41100,-0.101,9.12,1,2022-02-15,2022-02-06,1,0,Under/OnBudget
PJT9493,Internal Tool,2019-11-09,246,165762,5,3,Low,4,22.9,0.38,1.82,0.986,267,21,189715,0.1445,7.98,0,2020-07-12,2020-08-02,0,0,10-25%
PJT3444,Infrastructure,2020-07-25,66,257942,7,2,Low,4,36.9,0.887,5.96,0.491,70,4,283014,0.0972,9.37,1,2020-09-29,2020-10-03,0,0,<10%
PJT9509,Web App,2019-06-29,231,244055,3,2,Medium,6,34.0,0.491,7.76,0.744,300,69,343312,0.4067,6.63,0,2020-02-15,2020-04-24,0,1,25-50%
PJT6906,Web App,2020-07-18,400,411143,8,5,High,4,21.5,0.429,2.77,0.689,515,115,605819,0.4735,5.99,0,2021-08-22,2021-12-15,0,1,25-50%
PJT3955,Data Engineering,2020-11-17,44,230952,4,2,Low,6,42.2,0.669,2.94,0.443,51,7,274717,0.1895,9.74,1,2020-12-31,2021-01-07,0,0,10-25%
PJT3927,Mobile App,2020-06-30,230,150503,7,4,Low,4,56.2,0.529,7.69,0.858,219,-11,153889,0.0225,7.16,0,2021-02-15,2021-02-04,1,0,<10%
PJT1857,Mobile App,2020-01-22,136,356532,6,3,High,5,47.3,0.236,8.9,0.809,168,32,465524,0.3057,6.6,0,2020-06-06,2020-07-08,0,0,25-50%
PJT3720,Internal Tool,2019-03-15,336,95624,10,2,Medium,5,57.0,0.611,6.14,0.634,377,41,105798,0.1064,7.62,0,2020-02-14,2020-03-26,0,0,10-25%
PJT4022,Data Engineering,2020-07-29,61,34261,5,1,High,4,62.9,0.448,5.79,0.614,56,-5,30472,-0.1106,7.46,0,2020-09-28,2020-09-23,1,0,Under/OnBudget
PJT9868,Data Engineering,2021-08-19,240,81172,3,3,Low,5,39.2,0.693,4.78,0.86,284,44,108178,0.3327,7.39,0,2022-04-16,2022-05-30,0,0,25-50%
PJT1378,Infrastructure,2018-01-11,318,40381,2,5,Medium,3,84.7,0.521,3.85,0.742,298,-20,39202,-0.0292,7.17,0,2018-11-25,2018-11-05,1,0,Under/OnBudget
PJT9408,Mobile App,2018-07-15,383,43905,8,3,Low,4,39.8,0.689,2.01,0.758,406,23,48067,0.0948,8.37,1,2019-08-02,2019-08-25,0,0,<10%
PJT7058,Web App,2018-06-24,235,82998,6,3,Low,6,41.8,0.601,8.47,0.792,251,16,85538,0.0306,8.13,1,2019-02-14,2019-03-02,0,0,<10%
PJT8418,Infrastructure,2021-09-09,155,38143,8,3,Medium,6,34.4,0.707,6.61,0.888,164,9,42705,0.1196,7.95,0,2022-02-11,2022-02-20,0,0,10-25%
PJT5963,AI/ML,2020-08-25,205,68217,4,3,Medium,1,53.2,0.226,5.79,0.853,260,55,91711,0.3444,6.64,0,2021-03-18,2021-05-12,0,1,25-50%
PJT5851,Mobile App,2021-10-21,336,10175,5,3,High,3,40.6,0.544,5.13,0.445,345,9,11333,0.1138,6.16,0,2022-09-22,2022-10-01,0,0,10-25%
PJT3989,Internal Tool,2020-04-30,184,127510,2,4,Medium,4,43.8,0.631,7.2,0.652,218,34,166872,0.3087,6.84,0,2020-10-31,2020-12-04,0,0,25-50%
PJT4830,Web App,2019-11-06,34,98859,11,3,Medium,6,41.9,0.674,7.64,0.618,41,7,129090,0.3058,7.19,0,2019-12-10,2019-12-17,0,0,25-50%
PJT6403,Mobile App,2021-03-02,375,37030,7,3,Medium,4,41.6,0.495,6.25,0.859,382,7,37589,0.0151,8.46,1,2022-03-12,2022-03-19,0,0,<10%
PJT7850,Web App,2018-08-23,238,217748,10,2,High,3,47.4,0.597,2.55,0.535,301,63,311554,0.4308,6.99,0,2019-04-18,2019-06-20,0,1,25-50%
PJT2939,Mobile App,2019-07-11,232,304092,4,5,Low,14,38.2,0.585,2.57,0.679,318,86,454922,0.496,6.39,0,2020-02-28,2020-05-24,0,1,25-50%
PJT5694,Web App,2019-11-12,69,14342,6,2,Low,5,39.0,0.781,5.16,0.887,93,24,20886,0.4563,8.06,0,2020-01-20,2020-02-13,0,1,25-50%
PJT8325,Web App,2019-03-12,224,39527,7,1,Medium,4,61.1,0.62,7.97,0.419,235,11,42938,0.0863,8.34,1,2019-10-22,2019-11-02,0,0,<10%
PJT8715,Web App,2019-06-27,119,39223,4,3,Medium,5,40.6,0.762,6.74,0.756,132,13,47138,0.2018,7.21,0,2019-10-24,2019-11-06,0,0,10-25%
PJT9427,AI/ML,2018-04-25,220,31956,8,3,Low,5,50.8,0.692,6.01,0.693,233,13,36069,0.1287,9.12,1,2018-12-01,2018-12-14,0,0,10-25%
PJT8627,Infrastructure,2018-10-17,47,267098,10,3,High,7,31.7,0.384,5.34,0.795,63,16,393836,0.4745,7.22,0,2018-12-03,2018-12-19,0,1,25-50%
PJT5195,AI/ML,2019-05-05,223,78230,9,3,Low,7,38.3,0.754,5.94,0.787,284,61,114239,0.4603,7.61,0,2019-12-14,2020-02-13,0,1,25-50%
PJT3786,Data Engineering,2021-03-08,420,71868,7,4,High,7,26.5,0.316,3.95,0.484,527,107,106480,0.4816,6.16,0,2022-05-02,2022-08-17,0,1,25-50%
PJT2377,Mobile App,2018-09-24,37,8914,4,2,Low,2,72.8,0.397,3.85,0.869,39,2,10215,0.146,8.99,1,2018-10-31,2018-11-02,0,0,10-25%
PJT3755,Mobile App,2019-05-22,405,211610,4,4,Medium,5,65.6,0.651,5.27,0.813,403,-2,201262,-0.0489,6.65,0,2020-06-30,2020-06-28,1,0,Under/OnBudget
PJT3083,Internal Tool,2018-04-05,123,22312,11,3,High,3,53.9,0.508,3.28,0.572,174,51,38553,0.7279,6.11,0,2018-08-06,2018-09-26,0,1,>50%
PJT5409,Web App,2020-03-24,337,106077,2,3,Low,7,77.3,0.798,3.11,0.545,321,-16,100794,-0.0498,9.22,1,2021-02-24,2021-02-08,1,0,Under/OnBudget
PJT7570,Data Engineering,2020-06-11,286,137703,7,3,High,2,56.6,0.788,4.54,0.347,231,-55,96392,-0.3,6.52,0,2021-03-24,2021-01-28,1,0,Under/OnBudget
PJT5612,Web App,2021-06-17,183,505241,7,2,Medium,6,42.4,0.6,8.73,0.607,135,-48,353669,-0.3,8.97,1,2021-12-17,2021-10-30,1,0,Under/OnBudget
PJT7107,Data Engineering,2021-04-10,263,20525,6,4,High,4,50.6,0.86,3.63,0.726,320,57,27122,0.3214,6.64,0,2021-12-29,2022-02-24,0,0,25-50%
PJT5104,Web App,2019-02-21,342,5000,14,3,Medium,8,65.4,0.697,6.48,0.916,318,-24,4562,-0.0876,8.13,1,2020-01-29,2020-01-05,1,0,Under/OnBudget
PJT4549,Internal Tool,2018-07-19,122,123084,4,3,Medium,5,31.8,0.426,3.26,0.682,129,7,148144,0.2036,6.6,0,2018-11-18,2018-11-25,0,0,10-25%
PJT5152,AI/ML,2018-08-16,98,856503,4,3,Low,1,27.4,0.438,6.31,0.655,83,-15,643491,-0.2487,7.33,0,2018-11-22,2018-11-07,1,0,Under/OnBudget
PJT8657,Data Engineering,2021-11-15,228,436584,3,5,Medium,2,51.1,0.791,3.21,0.564,268,40,543460,0.2448,6.14,0,2022-07-01,2022-08-10,0,0,10-25%
PJT6478,Web App,2020-09-09,300,126955,5,3,Low,3,36.2,0.613,5.92,0.808,338,38,150188,0.183,9.49,1,2021-07-06,2021-08-13,0,0,10-25%
PJT3641,AI/ML,2018-03-04,276,54723,4,5,Low,6,15.0,0.666,4.13,0.833,310,34,63479,0.16,7.77,0,2018-12-05,2019-01-08,0,0,10-25%
PJT6025,Data Engineering,2018-07-19,295,260029,5,3,Low,8,26.4,0.424,5.2,0.788,292,-3,252462,-0.0291,9.39,1,2019-05-10,2019-05-07,1,0,Under/OnBudget
PJT8764,AI/ML,2019-12-11,133,30692,8,1,Medium,4,40.3,0.735,5.53,0.405,163,30,40105,0.3067,7.77,0,2020-04-22,2020-05-22,0,0,25-50%
PJT3112,AI/ML,2018-10-31,306,174840,10,2,High,3,45.7,0.386,3.93,0.845,327,21,203671,0.1649,7.13,0,2019-09-02,2019-09-23,0,0,10-25%
PJT4500,Infrastructure,2021-03-19,49,181056,4,3,Low,6,46.2,0.665,3.68,0.815,47,-2,184062,0.0166,8.48,1,2021-05-07,2021-05-05,1,0,<10%
PJT6987,Mobile App,2020-04-16,174,352305,5,2,Low,6,75.1,0.527,7.27,0.936,161,-13,335782,-0.0469,9.61,1,2020-10-07,2020-09-24,1,0,Under/OnBudget
PJT8624,AI/ML,2020-06-13,30,2000000,10,1,Medium,8,41.9,0.382,2.85,0.716,31,1,2210200,0.1051,9.79,1,2020-07-13,2020-07-14,0,0,10-25%
PJT2629,AI/ML,2019-11-07,98,158087,3,5,Low,6,49.2,0.726,6.59,0.85,140,42,242916,0.5366,6.93,0,2020-02-13,2020-03-26,0,1,>50%
PJT8361,Internal Tool,2019-01-09,110,53597,3,4,Low,6,20.6,0.798,3.09,0.733,111,1,57247,0.0681,8.78,1,2019-04-29,2019-04-30,0,0,<10%
PJT7260,Web App,2020-05-10,120,95732,3,4,Low,5,44.5,0.93,4.6,0.752,100,-20,73694,-0.2302,8.4,1,2020-09-07,2020-08-18,1,0,Under/OnBudget
PJT7922,Mobile App,2020-11-12,241,11815,6,2,High,4,50.0,0.381,7.9,0.758,251,10,12728,0.0773,6.93,0,2021-07-11,2021-07-21,0,0,<10%
PJT8166,Data Engineering,2019-06-26,117,42888,3,2,High,5,24.4,0.651,6.97,0.582,130,13,51346,0.1972,6.47,0,2019-10-21,2019-11-03,0,0,10-25%
PJT1478,Internal Tool,2020-01-08,137,60407,11,1,Medium,5,31.0,0.541,7.29,0.599,145,8,59181,-0.0203,8.96,1,2020-05-24,2020-06-01,0,0,Under/OnBudget
PJT2310,Mobile App,2021-05-10,75,52633,5,4,Medium,6,52.3,0.709,6.05,0.657,90,15,74555,0.4165,7.22,0,2021-07-24,2021-08-08,0,0,25-50%
PJT3143,AI/ML,2018-08-06,112,118519,6,5,Medium,11,36.8,0.738,5.01,0.914,118,6,111538,-0.0589,6.96,0,2018-11-26,2018-12-02,0,0,Under/OnBudget
PJT1413,Web App,2020-03-07,72,36794,4,3,Medium,8,43.5,0.624,2.78,0.798,79,7,42284,0.1492,7.33,0,2020-05-18,2020-05-25,0,0,10-25%
PJT4936,Web App,2019-05-24,41,378979,5,2,Medium,7,53.1,0.893,7.73,0.679,52,11,515487,0.3602,6.18,0,2019-07-04,2019-07-15,0,1,25-50%
PJT9187,Mobile App,2020-10-23,198,98740,7,3,Medium,7,75.6,0.825,6.39,0.643,203,5,102087,0.0339,8.72,1,2021-05-09,2021-05-14,0,0,<10%
PJT2394,Mobile App,2018-01-28,228,97620,7,3,Low,4,41.7,0.766,7.84,0.435,262,34,114967,0.1777,9.31,1,2018-09-13,2018-10-17,0,0,10-25%
PJT3623,AI/ML,2020-09-05,205,66604,7,3,Low,8,71.5,0.671,1.69,0.917,204,-1,69748,0.0472,9.0,1,2021-03-29,2021-03-28,1,0,<10%
PJT3290,Web App,2018-05-31,143,118923,6,3,Medium,6,15.6,0.382,2.35,0.695,153,10,142184,0.1956,7.77,0,2018-10-21,2018-10-31,0,0,10-25%
PJT1638,Data Engineering,2018-04-05,114,265699,9,4,High,2,47.2,0.495,6.22,0.697,157,43,378329,0.4239,6.65,0,2018-07-28,2018-09-09,0,1,25-50%
PJT1352,Data Engineering,2020-11-23,333,34872,8,2,Medium,4,40.0,0.487,3.53,0.88,300,-33,25450,-0.2702,9.1,1,2021-10-22,2021-09-19,1,0,Under/OnBudget
PJT1139,Infrastructure,2020-07-23,163,44813,7,1,High,0,37.0,0.758,5.75,0.934,200,37,63249,0.4114,6.8,0,2021-01-02,2021-02-08,0,0,25-50%
PJT9443,AI/ML,2021-07-30,148,68564,2,5,High,6,54.9,0.783,5.28,0.686,142,-6,61618,-0.1013,6.79,0,2021-12-25,2021-12-19,1,0,Under/OnBudget
PJT9860,Mobile App,2020-01-29,33,19633,2,2,Low,0,41.8,0.631,7.73,0.361,41,8,25272,0.2872,8.09,0,2020-03-02,2020-03-10,0,0,25-50%
PJT4842,Internal Tool,2020-02-13,103,36934,4,1,Medium,7,15.0,0.632,6.19,0.502,122,19,45927,0.2435,8.74,1,2020-05-26,2020-06-14,0,0,10-25%
PJT9508,Infrastructure,2020-10-29,115,55745,7,2,Medium,9,21.2,0.347,4.22,0.753,138,23,73349,0.3158,6.69,0,2021-02-21,2021-03-16,0,0,25-50%
PJT5018,Web App,2019-04-18,120,281889,5,1,High,7,55.8,0.615,8.95,0.378,179,59,459705,0.6308,7.07,0,2019-08-16,2019-10-14,0,1,>50%
PJT3926,Data Engineering,2018-02-23,188,135276,5,3,High,2,20.4,0.693,6.38,0.912,254,66,202481,0.4968,6.4,0,2018-08-30,2018-11-04,0,1,25-50%
PJT7892,Internal Tool,2018-12-02,169,124531,9,4,Medium,4,56.2,0.695,4.09,0.667,203,34,169810,0.3636,7.3,0,2019-05-20,2019-06-23,0,0,25-50%
PJT8242,Data Engineering,2018-12-14,200,274053,9,3,Low,8,46.9,0.706,6.32,0.618,202,2,284549,0.0383,8.76,1,2019-07-02,2019-07-04,0,0,<10%
PJT2052,Infrastructure,2019-05-06,277,83713,9,3,High,5,42.4,0.706,2.74,0.892,294,17,97074,0.1596,7.26,0,2020-02-07,2020-02-24,0,0,10-25%
PJT4563,AI/ML,2021-10-09,303,157717,4,3,Low,5,43.8,0.548,6.76,0.814,356,53,200837,0.2734,6.72,0,2022-08-08,2022-09-30,0,0,25-50%
PJT2343,Mobile App,2021-03-21,253,87215,7,3,High,6,52.7,0.701,4.56,0.828,311,58,118656,0.3605,6.49,0,2021-11-29,2022-01-26,0,0,25-50%
PJT1569,Data Engineering,2021-09-28,391,135732,4,4,High,2,27.3,0.51,7.28,0.832,497,106,185871,0.3694,6.32,0,2022-10-24,2023-02-07,0,1,25-50%
PJT8690,Internal Tool,2021-12-28,32,49055,4,4,Medium,4,45.6,0.575,7.15,0.767,37,5,58822,0.1991,7.14,0,2022-01-29,2022-02-03,0,0,10-25%
PJT4916,Web App,2019-09-26,65,5289,4,1,Medium,7,27.9,0.594,6.45,0.888,68,3,5511,0.0419,8.06,1,2019-11-30,2019-12-03,0,0,<10%
PJT3923,Web App,2018-11-28,31,84025,5,4,Medium,3,47.5,0.609,8.68,0.905,29,-2,75261,-0.1043,6.86,0,2018-12-29,2018-12-27,1,0,Under/OnBudget
PJT5545,Mobile App,2020-03-28,218,544323,5,3,Medium,6,54.7,0.671,2.26,0.932,267,49,698366,0.283,7.02,0,2020-11-01,2020-12-20,0,0,25-50%
PJT4925,Internal Tool,2021-07-10,354,299976,8,5,Medium,2,47.5,0.15,5.62,0.524,410,56,377460,0.2583,6.98,0,2022-06-29,2022-08-24,0,0,25-50%
PJT4252,Data Engineering,2019-11-11,76,314417,3,3,High,8,54.1,0.364,4.12,0.477,83,7,404529,0.2866,6.93,0,2020-01-26,2020-02-02,0,0,25-50%
PJT8558,Web App,2020-01-08,372,435111,7,5,High,10,34.5,0.822,5.26,0.72,391,19,412485,-0.052,6.02,0,2021-01-14,2021-02-02,0,0,Under/OnBudget
PJT4392,AI/ML,2018-07-16,39,109797,6,4,High,5,44.1,0.742,3.39,0.636,45,6,142747,0.3001,5.57,0,2018-08-24,2018-08-30,0,0,25-50%
PJT3617,Mobile App,2019-09-06,377,125089,4,2,Low,4,41.4,0.866,9.72,0.283,327,-50,94367,-0.2456,8.81,1,2020-09-17,2020-07-29,1,0,Under/OnBudget
PJT6935,Data Engineering,2019-07-20,106,47043,5,3,High,4,40.4,0.689,5.84,0.789,116,10,54579,0.1602,6.27,0,2019-11-03,2019-11-13,0,0,10-25%
PJT5355,Internal Tool,2019-05-29,46,67556,4,5,Medium,8,33.0,0.653,6.68,0.833,61,15,96592,0.4298,6.2,0,2019-07-14,2019-07-29,0,1,25-50%
PJT3013,Internal Tool,2021-07-19,151,206680,6,4,Low,9,38.5,0.66,6.39,0.655,161,10,239149,0.1571,6.93,0,2021-12-17,2021-12-27,0,0,10-25%
PJT2927,Mobile App,2018-03-28,79,418596,5,1,Low,7,28.3,0.624,2.92,0.87,76,-3,411354,-0.0173,9.81,1,2018-06-15,2018-06-12,1,0,Under/OnBudget
PJT6332,Mobile App,2021-11-20,87,83505,3,4,Low,7,19.6,0.534,7.19,0.53,85,-2,83204,-0.0036,8.17,1,2022-02-15,2022-02-13,1,0,Under/OnBudget
PJT7258,Web App,2018-01-13,93,57513,3,3,High,3,34.5,0.638,5.62,0.566,104,11,65847,0.1449,5.97,0,2018-04-16,2018-04-27,0,0,10-25%
PJT5547,Web App,2021-10-12,298,98778,6,1,Medium,8,54.4,0.613,6.57,0.741,397,99,147802,0.4963,7.31,0,2022-08-06,2022-11-13,0,1,25-50%
PJT7915,Internal Tool,2020-03-11,171,203099,9,3,Medium,7,48.5,0.471,6.13,0.784,218,47,282429,0.3906,7.06,0,2020-08-29,2020-10-15,0,1,25-50%
PJT4719,Internal Tool,2020-10-22,94,17455,5,2,Low,2,26.2,0.748,4.32,0.604,88,-6,15727,-0.099,9.03,1,2021-01-24,2021-01-18,1,0,Under/OnBudget
PJT2682,Data Engineering,2018-10-01,201,6277,7,4,Medium,5,38.9,0.673,4.99,0.73,231,30,7365,0.1733,6.67,0,2019-04-20,2019-05-20,0,0,10-25%
PJT1384,Data Engineering,2020-08-13,252,50989,7,3,Low,7,55.4,0.478,5.21,0.581,290,38,59953,0.1758,7.38,0,2021-04-22,2021-05-30,0,0,10-25%
PJT5708,AI/ML,2021-07-11,84,22814,10,4,Medium,6,38.3,0.684,4.94,0.953,105,21,29407,0.289,7.11,0,2021-10-03,2021-10-24,0,0,25-50%
PJT4036,Infrastructure,2018-07-23,125,53650,8,1,Medium,1,23.7,0.372,2.48,0.686,135,10,59128,0.1021,7.16,0,2018-11-25,2018-12-05,0,0,10-25%
PJT8023,Data Engineering,2018-07-05,50,82674,6,2,Low,3,78.9,0.715,5.65,0.49,41,-9,57872,-0.3,9.7,1,2018-08-24,2018-08-15,1,0,Under/OnBudget
PJT5652,Internal Tool,2019-03-20,62,57303,7,2,High,4,42.5,0.603,2.81,0.939,75,13,69039,0.2048,8.51,1,2019-05-21,2019-06-03,0,0,10-25%
PJT5445,Web App,2018-08-25,234,564085,9,2,Low,4,27.5,0.741,7.32,0.647,248,14,576100,0.0213,9.69,1,2019-04-16,2019-04-30,0,0,<10%
PJT1389,Mobile App,2018-06-11,62,146107,5,1,Medium,3,47.6,0.856,4.8,0.785,84,22,220388,0.5084,7.73,0,2018-08-12,2018-09-03,0,1,>50%
PJT3918,Web App,2020-09-17,166,141573,4,2,Medium,7,43.7,0.341,6.12,0.402,245,79,257380,0.818,6.77,0,2021-03-02,2021-05-20,0,1,>50%
PJT3113,Data Engineering,2018-11-09,248,208282,2,3,Medium,9,21.9,0.78,4.56,0.88,281,33,272204,0.3069,6.22,0,2019-07-15,2019-08-17,0,0,25-50%
PJT2142,AI/ML,2020-08-31,47,25170,8,2,Low,4,46.4,0.538,1.58,0.659,45,-2,22202,-0.1179,9.73,1,2020-10-17,2020-10-15,1,0,Under/OnBudget
PJT1745,Web App,2021-06-12,183,343497,8,3,Low,3,59.8,0.527,4.02,0.665,214,31,418860,0.2194,8.54,1,2021-12-12,2022-01-12,0,0,10-25%
PJT7151,Infrastructure,2020-08-09,79,90137,3,3,High,4,41.5,0.474,6.55,0.74,73,-6,82899,-0.0803,6.85,0,2020-10-27,2020-10-21,1,0,Under/OnBudget
PJT2730,AI/ML,2018-06-24,395,220704,6,4,Low,4,15.0,0.623,6.72,0.83,397,2,217239,-0.0157,8.5,1,2019-07-24,2019-07-26,0,0,Under/OnBudget
PJT5385,Mobile App,2020-04-17,150,27276,5,5,High,6,50.1,0.643,8.3,0.774,144,-6,27216,-0.0022,7.17,0,2020-09-14,2020-09-08,1,0,Under/OnBudget
PJT5123,Web App,2019-07-29,299,15298,3,3,High,3,54.0,0.516,6.17,0.572,385,86,21527,0.4072,6.86,0,2020-05-23,2020-08-17,0,1,25-50%
PJT4230,Infrastructure,2019-05-17,176,263410,13,3,Low,10,36.2,0.581,3.13,0.61,164,-12,225426,-0.1442,8.31,1,2019-11-09,2019-10-28,1,0,Under/OnBudget
PJT3514,AI/ML,2019-04-11,36,155079,4,2,Low,5,36.3,0.641,6.38,0.651,37,1,153342,-0.0112,9.07,1,2019-05-17,2019-05-18,0,0,Under/OnBudget
PJT2769,Infrastructure,2021-09-18,212,33441,3,5,Medium,5,78.9,0.516,3.93,0.44,248,36,41607,0.2442,7.36,0,2022-04-18,2022-05-24,0,0,10-25%
PJT9299,AI/ML,2020-12-20,388,34766,6,1,High,3,35.1,0.734,7.89,0.636,434,46,41684,0.199,6.86,0,2022-01-12,2022-02-27,0,0,10-25%
PJT3486,Internal Tool,2018-07-15,198,380987,7,2,High,2,28.2,0.665,5.11,0.657,211,13,424915,0.1153,6.32,0,2019-01-29,2019-02-11,0,0,10-25%
PJT5298,AI/ML,2019-11-26,307,23688,2,2,Medium,7,45.4,0.896,5.39,0.458,362,55,28568,0.206,7.77,0,2020-09-28,2020-11-22,0,0,10-25%
PJT9968,AI/ML,2019-04-10,345,708714,7,3,High,5,53.6,0.823,5.09,0.346,349,4,702406,-0.0089,6.41,0,2020-03-20,2020-03-24,0,0,Under/OnBudget
PJT8992,Internal Tool,2021-11-28,72,33498,6,2,Low,4,53.0,0.662,3.88,0.641,93,21,47195,0.4089,6.85,0,2022-02-08,2022-03-01,0,1,25-50%
PJT7444,Mobile App,2021-11-28,69,212367,3,4,High,6,15.0,0.697,6.08,0.869,72,3,226978,0.0688,6.23,0,2022-02-05,2022-02-08,0,0,<10%
PJT7021,Web App,2019-04-12,202,66547,3,2,High,5,35.1,0.235,4.66,0.881,246,44,86192,0.2952,7.21,0,2019-10-31,2019-12-14,0,0,25-50%
PJT7046,Web App,2019-05-30,124,203582,6,3,Low,4,62.3,0.774,2.53,0.836,141,17,235300,0.1558,7.69,0,2019-10-01,2019-10-18,0,0,10-25%
PJT9629,Infrastructure,2020-05-25,319,51383,4,2,Low,7,49.9,0.755,6.04,0.817,350,31,61053,0.1882,9.37,1,2021-04-09,2021-05-10,0,0,10-25%
PJT1836,AI/ML,2019-12-01,355,81198,10,1,Low,4,26.5,0.635,6.14,0.751,406,51,96236,0.1852,8.86,1,2020-11-20,2021-01-10,0,0,10-25%
PJT5702,Infrastructure,2018-11-08,106,103684,8,5,Low,2,63.6,0.643,6.17,0.572,89,-17,80241,-0.2261,7.52,0,2019-02-22,2019-02-05,1,0,Under/OnBudget
PJT1641,Web App,2020-08-22,75,29655,13,2,High,3,59.5,0.697,5.57,0.634,77,2,30562,0.0306,8.94,1,2020-11-05,2020-11-07,0,0,<10%
PJT4174,Web App,2019-05-03,285,240143,4,4,Medium,8,40.6,0.531,4.81,0.838,343,58,302700,0.2605,7.22,0,2020-02-12,2020-04-10,0,0,25-50%
PJT2808,Web App,2020-08-12,84,53324,11,3,Low,5,58.2,0.51,7.76,0.85,91,7,64618,0.2118,6.95,0,2020-11-04,2020-11-11,0,0,10-25%
PJT8653,Mobile App,2019-07-15,309,75033,5,1,Medium,6,75.0,0.752,2.85,0.897,366,57,101362,0.3509,7.27,0,2020-05-19,2020-07-15,0,0,25-50%
PJT7253,AI/ML,2020-10-19,129,29935,5,5,High,2,29.2,0.525,2.84,0.751,142,13,35748,0.1942,6.64,0,2021-02-25,2021-03-10,0,0,10-25%
PJT4875,Mobile App,2020-09-01,228,5000,2,2,Medium,3,53.3,0.697,8.66,0.71,212,-16,4685,-0.063,9.17,1,2021-04-17,2021-04-01,1,0,Under/OnBudget
PJT9834,Mobile App,2020-01-13,45,78493,2,4,Medium,3,74.8,0.303,9.19,0.678,49,4,89435,0.1394,6.48,0,2020-02-27,2020-03-02,0,0,10-25%
PJT9894,Internal Tool,2020-10-25,207,1785374,7,2,Low,7,54.8,0.618,6.61,0.705,298,91,2801966,0.5694,8.56,0,2021-05-20,2021-08-19,0,1,>50%
PJT3848,Mobile App,2019-11-05,138,253096,5,4,High,5,33.7,0.412,8.98,0.8,206,68,426745,0.6861,6.62,0,2020-03-22,2020-05-29,0,1,>50%
PJT4612,AI/ML,2018-06-19,191,96460,4,1,High,2,48.6,0.711,6.41,0.937,203,12,109251,0.1326,7.76,0,2018-12-27,2019-01-08,0,0,10-25%
PJT8062,Infrastructure,2018-09-23,59,72008,6,3,Low,2,65.5,0.695,4.21,0.657,73,14,94950,0.3186,6.86,0,2018-11-21,2018-12-05,0,0,25-50%
PJT3554,Mobile App,2018-12-26,262,101413,4,4,Low,7,29.8,0.583,6.29,0.391,266,4,104050,0.026,7.39,0,2019-09-14,2019-09-18,0,0,<10%
PJT7320,AI/ML,2018-04-03,332,190335,6,5,Low,8,44.5,0.436,5.32,0.673,423,91,266507,0.4002,6.45,0,2019-03-01,2019-05-31,0,1,25-50%
PJT2462,Internal Tool,2020-11-04,70,23933,5,5,Low,4,41.3,0.937,9.7,0.702,58,-12,19295,-0.1938,7.16,0,2021-01-13,2021-01-01,1,0,Under/OnBudget
PJT6962,Data Engineering,2019-06-21,45,375940,8,4,Medium,4,35.5,0.548,7.66,0.876,51,6,487218,0.296,7.22,0,2019-08-05,2019-08-11,0,0,25-50%
PJT7811,Web App,2018-05-17,33,232922,8,4,High,4,48.6,0.52,4.29,0.833,45,12,355346,0.5256,6.94,0,2018-06-19,2018-07-01,0,1,>50%
PJT1510,Data Engineering,2021-04-12,216,233707,5,2,Medium,3,43.5,0.815,7.23,0.471,224,8,246631,0.0553,8.52,1,2021-11-14,2021-11-22,0,0,<10%
PJT3156,Mobile App,2020-09-25,200,167070,5,2,High,4,54.7,0.528,5.26,0.664,255,55,231876,0.3879,6.18,0,2021-04-13,2021-06-07,0,1,25-50%
PJT3919,Web App,2019-10-23,174,101067,5,2,Medium,6,62.1,0.934,6.4,0.49,185,11,101289,0.0022,7.55,0,2020-04-14,2020-04-25,0,0,<10%
PJT6191,Mobile App,2018-12-28,73,221335,8,3,Medium,5,25.9,0.544,2.88,0.749,84,11,274278,0.2392,6.99,0,2019-03-11,2019-03-22,0,0,10-25%
PJT7632,Data Engineering,2018-08-10,118,200823,4,3,Medium,5,46.0,0.683,6.6,0.834,122,4,212832,0.0598,8.49,1,2018-12-06,2018-12-10,0,0,<10%
PJT9924,Mobile App,2019-11-01,194,64547,4,3,Low,3,44.2,0.393,5.11,0.744,242,48,81910,0.269,7.02,0,2020-05-13,2020-06-30,0,0,25-50%
PJT2237,Mobile App,2021-07-16,155,49597,3,2,Medium,6,48.1,0.537,7.05,0.589,145,-10,44831,-0.0961,7.36,0,2021-12-18,2021-12-08,1,0,Under/OnBudget
PJT2480,AI/ML,2018-10-03,412,111550,5,4,Medium,4,44.8,0.601,2.22,0.798,386,-26,106062,-0.0492,6.98,0,2019-11-19,2019-10-24,1,0,Under/OnBudget
PJT3010,Web App,2020-04-10,52,633379,5,2,Low,2,30.3,0.395,7.77,0.719,66,14,860572,0.3587,8.21,0,2020-06-01,2020-06-15,0,1,25-50%
PJT7897,Web App,2021-11-05,241,22316,8,2,Medium,5,66.8,0.723,1.81,0.682,192,-49,15621,-0.3,7.88,1,2022-07-04,2022-05-16,1,0,Under/OnBudget
PJT6629,Web App,2020-07-19,122,16966,4,3,Medium,7,73.2,0.548,2.92,0.868,121,-1,17528,0.0331,6.52,0,2020-11-18,2020-11-17,1,0,<10%
PJT5757,Web App,2019-10-05,130,120296,5,4,High,8,53.2,0.474,4.7,0.694,157,27,158346,0.3163,6.91,0,2020-02-12,2020-03-10,0,0,25-50%
PJT8490,Web App,2020-11-11,252,104932,8,4,Medium,0,54.0,0.57,7.19,0.441,307,55,134533,0.2821,5.88,0,2021-07-21,2021-09-14,0,0,25-50%
PJT3735,Web App,2021-04-18,240,121541,8,3,High,5,47.0,0.577,8.07,0.577,261,21,146615,0.2063,6.52,0,2021-12-14,2022-01-04,0,0,10-25%
PJT5199,AI/ML,2020-05-12,415,132289,5,2,Medium,4,59.5,0.498,5.15,0.96,366,-49,117883,-0.1089,8.57,0,2021-07-01,2021-05-13,1,0,Under/OnBudget
PJT8286,Web App,2021-06-26,51,75520,5,3,High,6,15.0,0.666,3.55,0.886,68,17,115183,0.5252,6.75,0,2021-08-16,2021-09-02,0,1,>50%
PJT7200,Mobile App,2020-01-22,46,589975,4,1,Medium,4,44.9,0.623,4.54,0.724,54,8,785434,0.3313,7.93,0,2020-03-08,2020-03-16,0,0,25-50%
PJT1577,Internal Tool,2021-04-26,256,14457,10,3,High,7,36.4,0.751,8.54,0.649,279,23,17630,0.2195,6.04,0,2022-01-07,2022-01-30,0,0,10-25%
PJT9079,Mobile App,2021-10-21,188,36527,3,3,Medium,2,47.2,0.686,8.67,0.773,159,-29,27888,-0.2365,9.04,1,2022-04-27,2022-03-29,1,0,Under/OnBudget
PJT1818,Infrastructure,2020-01-02,84,87212,10,1,Medium,3,61.4,0.539,2.74,0.812,96,12,101201,0.1604,8.9,1,2020-03-26,2020-04-07,0,0,10-25%
PJT8188,Web App,2020-06-02,42,13741,7,2,Medium,3,45.3,0.527,4.44,0.578,48,6,16317,0.1875,9.03,1,2020-07-14,2020-07-20,0,0,10-25%
PJT5174,Web App,2020-06-08,43,79935,6,5,Medium,5,39.6,0.887,2.63,0.684,44,1,82613,0.0335,7.06,0,2020-07-21,2020-07-22,0,0,<10%
PJT2889,Web App,2021-02-14,351,724882,2,5,Low,6,24.0,0.929,4.91,0.768,301,-50,507417,-0.3,8.33,1,2022-01-31,2021-12-12,1,0,Under/OnBudget
PJT1558,Web App,2021-04-16,64,101221,5,3,Low,9,43.4,0.517,2.61,0.678,70,6,105968,0.0469,9.23,1,2021-06-19,2021-06-25,0,0,<10%
PJT3933,Web App,2018-02-09,97,130202,5,1,Low,6,55.1,0.667,8.33,0.784,112,15,156242,0.2,8.82,1,2018-05-17,2018-06-01,0,0,10-25%
PJT7831,Web App,2020-12-06,72,21759,3,2,High,7,32.4,0.894,4.63,0.881,90,18,30580,0.4054,7.11,0,2021-02-16,2021-03-06,0,0,25-50%
PJT6949,Web App,2021-02-18,107,47116,7,3,Low,2,15.0,0.454,5.37,0.704,119,12,50452,0.0708,9.25,1,2021-06-05,2021-06-17,0,0,<10%
PJT8643,Web App,2020-10-19,40,62929,12,5,Low,2,79.1,0.676,3.57,0.533,42,2,61110,-0.0289,8.32,1,2020-11-28,2020-11-30,0,0,Under/OnBudget
PJT1069,Mobile App,2020-11-07,163,67423,6,2,Medium,8,50.0,0.719,5.22,0.53,199,36,89470,0.327,6.9,0,2021-04-19,2021-05-25,0,0,25-50%
PJT2189,Web App,2018-03-02,40,459536,7,4,Medium,8,41.7,0.787,2.69,0.798,40,0,429069,-0.0663,6.76,0,2018-04-11,2018-04-11,1,0,Under/OnBudget
PJT3902,Mobile App,2019-10-08,296,192765,3,2,Medium,8,65.9,0.87,7.72,0.684,258,-38,163465,-0.152,9.43,1,2020-07-30,2020-06-22,1,0,Under/OnBudget
PJT5340,AI/ML,2021-04-09,74,26010,5,5,Low,7,47.1,0.677,5.16,0.811,73,-1,29027,0.116,7.55,0,2021-06-22,2021-06-21,1,0,10-25%
PJT9875,Infrastructure,2021-09-25,172,132695,3,3,High,6,65.0,0.574,6.26,0.761,236,64,216333,0.6303,7.27,0,2022-03-16,2022-05-19,0,1,>50%
PJT6895,Web App,2018-12-02,343,179488,6,4,High,2,63.7,0.75,6.33,0.839,482,139,288886,0.6095,7.45,0,2019-11-10,2020-03-28,0,1,>50%
PJT8550,Internal Tool,2020-04-25,220,387774,10,3,High,7,25.9,0.701,6.11,0.83,218,-2,385409,-0.0061,8.4,1,2020-12-01,2020-11-29,1,0,Under/OnBudget
PJT6697,AI/ML,2021-03-20,169,657795,7,3,Medium,6,51.9,0.653,3.26,0.761,183,14,702065,0.0673,8.79,1,2021-09-05,2021-09-19,0,0,<10%
PJT4910,Web App,2021-01-03,98,29199,3,2,High,5,70.9,0.513,7.34,0.601,144,46,52944,0.8132,6.1,0,2021-04-11,2021-05-27,0,1,>50%
PJT9262,Internal Tool,2020-06-22,100,37308,5,2,Low,6,30.0,0.631,7.13,0.469,89,-11,34599,-0.0726,8.74,1,2020-09-30,2020-09-19,1,0,Under/OnBudget
PJT6984,Data Engineering,2018-01-28,229,21827,6,5,Low,4,30.2,0.707,5.91,0.603,308,79,32363,0.4827,7.36,0,2018-09-14,2018-12-02,0,1,25-50%
PJT8715,Web App,2020-11-22,416,74546,5,5,Low,4,32.7,0.683,2.37,0.786,476,60,97573,0.3089,7.53,0,2022-01-12,2022-03-13,0,0,25-50%
PJT8747,Web App,2021-02-02,225,172755,8,4,Medium,4,58.4,0.479,6.08,0.887,292,67,255280,0.4777,6.35,0,2021-09-15,2021-11-21,0,1,25-50%
PJT3155,Internal Tool,2020-11-21,179,322804,8,3,Medium,5,49.3,0.715,4.0,0.971,184,5,336265,0.0417,8.65,1,2021-05-19,2021-05-24,0,0,<10%
PJT8956,Infrastructure,2021-01-23,259,90117,6,4,Medium,4,16.0,0.534,2.94,0.702,270,11,99642,0.1057,8.08,0,2021-10-09,2021-10-20,0,0,10-25%
PJT2915,Web App,2019-09-22,143,67251,5,1,Low,7,50.1,0.939,3.93,0.592,126,-17,52496,-0.2194,9.36,1,2020-02-12,2020-01-26,1,0,Under/OnBudget
PJT8918,Web App,2021-12-21,39,118434,4,3,Medium,2,41.2,0.67,8.6,0.588,45,6,159614,0.3477,7.92,0,2022-01-29,2022-02-04,0,0,25-50%
PJT5351,Mobile App,2021-01-30,181,36237,3,2,Medium,4,43.3,0.9,6.38,0.566,165,-16,27131,-0.2513,9.07,1,2021-07-30,2021-07-14,1,0,Under/OnBudget
PJT8468,Mobile App,2020-04-24,392,1211593,5,3,Medium,1,32.4,0.65,6.29,0.685,415,23,1346564,0.1114,7.48,0,2021-05-21,2021-06-13,0,0,10-25%
PJT8067,AI/ML,2021-09-25,60,14340,5,3,Medium,6,50.2,0.378,5.94,0.9,82,22,22537,0.5716,6.75,0,2021-11-24,2021-12-16,0,1,>50%
PJT6264,Mobile App,2021-08-18,239,123215,7,2,Low,1,60.8,0.476,5.6,0.938,289,50,142363,0.1554,8.4,1,2022-04-14,2022-06-03,0,0,10-25%
PJT6795,Mobile App,2021-04-04,66,1119427,7,3,High,6,35.4,0.692,3.38,0.887,83,17,1648020,0.4722,7.26,0,2021-06-09,2021-06-26,0,1,25-50%
PJT5455,Infrastructure,2020-04-02,170,99525,3,4,Medium,6,19.8,0.858,4.74,0.841,141,-29,79919,-0.197,7.15,0,2020-09-19,2020-08-21,1,0,Under/OnBudget
PJT8691,Web App,2020-02-09,45,78586,5,3,Low,0,40.5,0.41,6.58,0.744,43,-2,67160,-0.1454,9.03,1,2020-03-25,2020-03-23,1,0,Under/OnBudget
PJT2213,Web App,2019-04-25,138,64284,4,2,Low,6,56.3,0.321,8.34,0.636,164,26,88808,0.3815,7.04,0,2019-09-10,2019-10-06,0,0,25-50%
PJT7439,Infrastructure,2019-01-02,272,79501,3,2,Medium,1,38.7,0.89,2.84,0.758,291,19,85782,0.079,8.72,1,2019-10-01,2019-10-20,0,0,<10%
PJT3923,Internal Tool,2020-01-19,104,512686,8,2,High,4,22.5,0.466,4.56,0.878,103,-1,523452,0.021,8.29,1,2020-05-02,2020-05-01,1,0,<10%
PJT2432,AI/ML,2020-04-23,226,6945,2,2,Medium,6,56.4,0.561,6.22,0.876,254,28,8972,0.2919,7.14,0,2020-12-05,2021-01-02,0,0,25-50%
PJT1340,AI/ML,2018-12-24,294,621642,5,3,Low,7,66.2,0.625,5.6,0.782,294,0,602806,-0.0303,9.11,1,2019-10-14,2019-10-14,1,0,Under/OnBudget
PJT8381,Web App,2021-09-08,372,17877,3,3,High,6,45.3,0.289,7.12,0.672,599,227,34022,0.9031,7.25,0,2022-09-15,2023-04-30,0,1,>50%
PJT2198,Mobile App,2020-03-24,74,71684,9,4,Medium,3,20.9,0.674,6.24,0.889,89,15,94200,0.3141,7.14,0,2020-06-06,2020-06-21,0,0,25-50%
PJT5296,AI/ML,2020-02-08,121,58977,6,3,Medium,7,40.2,0.453,8.15,0.908,133,12,60257,0.0217,7.3,0,2020-06-08,2020-06-20,0,0,<10%
PJT9186,Web App,2019-09-29,56,200038,4,4,Medium,6,47.3,0.461,7.45,0.814,70,14,287575,0.4376,7.06,0,2019-11-24,2019-12-08,0,0,25-50%
PJT5193,Web App,2018-03-26,415,14505,6,2,Low,5,32.9,0.896,6.3,0.806,527,112,19750,0.3616,7.61,0,2019-05-15,2019-09-04,0,1,25-50%
PJT9113,Mobile App,2021-07-12,372,171890,7,3,Medium,7,53.8,0.713,7.66,0.689,424,52,205357,0.1947,6.78,0,2022-07-19,2022-09-09,0,0,10-25%
PJT5934,Web App,2019-04-08,172,1120372,11,4,Medium,4,31.4,0.535,8.7,0.807,186,14,1193532,0.0653,7.02,0,2019-09-27,2019-10-11,0,0,<10%
PJT9543,Mobile App,2020-07-26,320,19229,4,2,High,7,45.4,0.895,4.59,0.598,361,41,23659,0.2304,7.47,0,2021-06-11,2021-07-22,0,0,10-25%
PJT7610,Web App,2020-06-05,164,123952,9,2,Medium,1,41.6,0.528,6.92,0.903,155,-9,123469,-0.0039,8.84,1,2020-11-16,2020-11-07,1,0,Under/OnBudget
PJT4087,Mobile App,2020-05-03,207,44606,10,4,Medium,2,54.2,0.518,2.47,0.5,220,13,50793,0.1387,6.54,0,2020-11-26,2020-12-09,0,0,10-25%
PJT7073,Web App,2020-02-07,44,164566,10,3,Medium,2,44.8,0.724,4.09,0.674,39,-5,136557,-0.1702,8.1,1,2020-03-22,2020-03-17,1,0,Under/OnBudget
PJT1455,Internal Tool,2018-09-22,272,101010,6,4,High,6,42.1,0.755,7.85,0.784,368,96,151444,0.4993,6.22,0,2019-06-21,2019-09-25,0,1,25-50%
PJT6853,AI/ML,2019-02-14,51,45717,6,1,High,8,33.0,0.675,8.03,0.681,51,0,45703,-0.0003,8.23,1,2019-04-06,2019-04-06,1,0,Under/OnBudget
PJT4250,Infrastructure,2020-02-05,311,177273,5,4,Medium,6,45.5,0.659,3.0,0.614,381,70,236039,0.3315,8.45,0,2020-12-12,2021-02-20,0,0,25-50%
PJT1257,Infrastructure,2021-02-26,286,860456,7,2,Medium,0,41.1,0.333,6.22,0.894,320,34,928260,0.0788,8.46,1,2021-12-09,2022-01-12,0,0,<10%
PJT1481,Mobile App,2019-09-23,248,78505,6,1,Medium,10,31.9,0.706,9.08,0.477,285,37,96734,0.2322,7.58,0,2020-05-28,2020-07-04,0,0,10-25%
PJT5730,Web App,2018-10-25,35,234148,7,3,Medium,2,47.4,0.755,6.79,0.984,35,0,239323,0.0221,8.66,1,2018-11-29,2018-11-29,1,0,<10%
PJT2396,AI/ML,2018-05-09,92,20912,5,2,Low,5,50.5,0.446,2.81,0.812,99,7,22823,0.0914,9.91,1,2018-08-09,2018-08-16,0,0,<10%
PJT6418,AI/ML,2020-08-25,81,31328,7,3,Medium,8,39.9,0.688,6.36,0.506,92,11,40914,0.306,7.41,0,2020-11-14,2020-11-25,0,0,25-50%
PJT6171,Infrastructure,2019-09-11,108,174013,8,1,Low,5,59.0,0.809,3.5,0.723,94,-14,156542,-0.1004,9.61,1,2019-12-28,2019-12-14,1,0,Under/OnBudget
PJT7073,Mobile App,2018-07-03,43,585920,3,2,High,4,49.0,0.596,5.56,0.844,39,-4,498852,-0.1486,8.69,1,2018-08-15,2018-08-11,1,0,Under/OnBudget
PJT8059,Web App,2020-09-11,378,151257,8,2,Medium,3,25.7,0.876,4.43,0.837,402,24,174823,0.1558,9.04,1,2021-09-24,2021-10-18,0,0,10-25%
PJT7455,Mobile App,2018-10-31,177,67801,6,1,High,7,65.1,0.765,3.25,0.391,207,30,88209,0.301,7.46,0,2019-04-26,2019-05-26,0,0,25-50%
PJT7202,Mobile App,2020-01-14,92,98632,8,5,Medium,7,56.5,0.313,3.93,0.452,95,3,97764,-0.0088,6.49,0,2020-04-15,2020-04-18,0,0,Under/OnBudget
PJT7178,AI/ML,2019-03-24,120,22016,5,1,Medium,3,60.0,0.705,5.52,0.707,113,-7,19187,-0.1285,8.64,1,2019-07-22,2019-07-15,1,0,Under/OnBudget
PJT1647,AI/ML,2021-09-22,137,203907,5,3,Medium,3,51.0,0.79,6.58,0.801,142,5,216121,0.0599,7.23,0,2022-02-06,2022-02-11,0,0,<10%
PJT2611,Mobile App,2018-11-30,197,284589,10,2,Low,2,15.0,0.802,6.37,0.426,159,-38,199212,-0.3,8.93,1,2019-06-15,2019-05-08,1,0,Under/OnBudget
PJT4884,Data Engineering,2019-09-06,162,57382,4,2,Medium,2,61.4,0.919,7.41,0.486,186,24,72164,0.2576,7.49,0,2020-02-15,2020-03-10,0,0,25-50%
PJT5982,AI/ML,2021-11-01,367,56159,8,5,Low,7,45.9,0.587,6.57,0.914,391,24,58866,0.0482,8.06,1,2022-11-03,2022-11-27,0,0,<10%
PJT4586,Web App,2019-04-11,155,135816,5,2,Medium,4,50.3,0.58,7.04,0.427,184,29,167719,0.2349,6.66,0,2019-09-13,2019-10-12,0,0,10-25%
PJT8673,Web App,2020-07-30,415,58451,6,5,Medium,1,53.1,0.566,2.06,0.972,416,1,55002,-0.059,6.16,0,2021-09-18,2021-09-19,0,0,Under/OnBudget
PJT7080,Web App,2019-04-08,326,91185,4,2,High,3,74.0,0.786,5.57,0.807,474,148,149680,0.6415,7.06,0,2020-02-28,2020-07-25,0,1,>50%
PJT1758,Web App,2018-06-11,68,1226489,6,4,Low,10,36.8,0.434,3.69,0.676,62,-6,1046563,-0.1467,7.99,1,2018-08-18,2018-08-12,1,0,Under/OnBudget
PJT1632,Web App,2020-07-05,374,73392,4,3,Low,3,37.2,0.351,5.89,0.876,359,-15,72144,-0.017,9.97,1,2021-07-14,2021-06-29,1,0,Under/OnBudget
PJT8848,Web App,2021-08-30,49,64215,2,4,Medium,6,32.2,0.709,3.22,0.739,63,14,92797,0.4451,7.98,0,2021-10-18,2021-11-01,0,1,25-50%
PJT1329,Mobile App,2019-10-23,306,45386,4,3,High,4,29.0,0.841,6.08,0.731,304,-2,44687,-0.0154,7.34,0,2020-08-24,2020-08-22,1,0,Under/OnBudget
PJT6446,Web App,2020-07-03,115,241115,2,3,Medium,5,29.2,0.562,8.2,0.663,129,14,294956,0.2233,7.02,0,2020-10-26,2020-11-09,0,0,10-25%
PJT9201,Internal Tool,2020-06-07,342,79422,12,2,Medium,3,17.2,0.425,2.95,0.948,426,84,101319,0.2757,7.16,0,2021-05-15,2021-08-07,0,0,25-50%
PJT1984,Web App,2019-08-30,336,45286,11,2,Medium,7,51.4,0.705,6.18,0.707,321,-15,37569,-0.1704,9.05,1,2020-07-31,2020-07-16,1,0,Under/OnBudget
PJT1668,AI/ML,2020-06-16,299,481935,5,5,Low,5,74.8,0.881,8.25,0.445,294,-5,473742,-0.017,8.9,1,2021-04-11,2021-04-06,1,0,Under/OnBudget
PJT1441,Mobile App,2019-01-14,291,542272,7,3,High,2,75.8,0.225,6.2,0.438,374,83,745841,0.3754,7.05,0,2019-11-01,2020-01-23,0,1,25-50%
PJT3925,Data Engineering,2019-07-06,92,48026,5,3,Medium,6,32.2,0.349,2.66,0.864,112,20,62304,0.2973,6.54,0,2019-10-06,2019-10-26,0,0,25-50%
PJT5020,Web App,2019-10-08,42,10511,7,4,Low,3,40.9,0.642,5.67,0.949,38,-4,9413,-0.1045,8.71,1,2019-11-19,2019-11-15,1,0,Under/OnBudget
PJT6677,Mobile App,2021-06-15,122,330716,8,3,Medium,2,63.5,0.608,4.59,0.872,167,45,511287,0.546,7.47,0,2021-10-15,2021-11-29,0,1,>50%
PJT9465,Data Engineering,2019-05-24,60,43410,10,5,Low,7,51.5,0.303,6.84,0.851,70,10,56941,0.3117,5.92,0,2019-07-23,2019-08-02,0,0,25-50%
PJT5713,Internal Tool,2020-07-16,241,254932,5,4,High,6,47.0,0.728,5.34,0.542,307,66,376789,0.478,6.15,0,2021-03-14,2021-05-19,0,1,25-50%
PJT3373,Internal Tool,2018-11-08,104,9282,8,3,Low,3,41.1,0.618,6.51,0.522,122,18,11513,0.2404,9.26,1,2019-02-20,2019-03-10,0,0,10-25%
PJT4126,Web App,2019-01-04,404,288116,4,4,Medium,5,62.7,0.429,6.76,0.689,385,-19,258959,-0.1012,8.34,1,2020-02-12,2020-01-24,1,0,Under/OnBudget
PJT3933,Web App,2020-08-04,215,23077,14,1,Low,7,28.9,0.285,6.01,0.704,248,33,24748,0.0724,9.24,1,2021-03-07,2021-04-09,0,0,<10%
PJT9639,Infrastructure,2021-01-17,309,237261,2,2,Medium,4,52.2,0.624,4.51,0.86,330,21,264522,0.1149,7.95,0,2021-11-22,2021-12-13,0,0,10-25%
PJT4368,Data Engineering,2019-11-06,52,100421,6,3,High,4,50.2,0.733,3.91,0.902,57,5,117924,0.1743,6.87,0,2019-12-28,2020-01-02,0,0,10-25%
PJT7516,AI/ML,2019-05-05,332,31422,7,2,Medium,3,45.7,0.702,2.78,0.263,382,50,36915,0.1748,8.66,1,2020-04-01,2020-05-21,0,0,10-25%
PJT4806,AI/ML,2021-08-21,369,60570,7,4,Medium,6,56.8,0.771,2.36,0.655,300,-69,43144,-0.2877,6.85,0,2022-08-25,2022-06-17,1,0,Under/OnBudget
PJT6255,Web App,2018-07-18,151,224938,3,5,High,4,45.5,0.58,5.22,0.67,183,32,306096,0.3608,6.36,0,2018-12-16,2019-01-17,0,0,25-50%
PJT9066,Infrastructure,2020-11-18,200,112092,10,3,Low,5,37.0,0.669,7.46,0.593,199,-1,115298,0.0286,8.58,1,2021-06-06,2021-06-05,1,0,<10%
PJT9261,Web App,2020-10-04,277,199047,4,3,Medium,7,46.4,0.794,6.22,0.887,221,-56,139333,-0.3,8.59,1,2021-07-08,2021-05-13,1,0,Under/OnBudget
PJT5585,Mobile App,2020-10-04,60,1057828,6,5,Low,4,21.1,0.389,7.64,0.913,73,13,1333286,0.2604,6.53,0,2020-12-03,2020-12-16,0,0,25-50%
PJT5598,Mobile App,2021-09-27,157,15107,4,3,High,3,54.2,0.594,5.73,0.771,160,3,15119,0.0008,6.73,0,2022-03-03,2022-03-06,0,0,<10%
PJT6817,AI/ML,2020-11-29,120,687389,4,3,Medium,1,58.0,0.522,2.13,0.578,121,1,728014,0.0591,8.44,1,2021-03-29,2021-03-30,0,0,<10%
PJT1116,Web App,2019-03-17,54,111885,6,3,Medium,5,35.2,0.627,6.08,0.37,63,9,128142,0.1453,7.32,0,2019-05-10,2019-05-19,0,0,10-25%
PJT2813,Web App,2019-05-31,111,33572,5,5,Medium,8,31.6,0.52,6.08,0.583,98,-13,29590,-0.1186,7.56,0,2019-09-19,2019-09-06,1,0,Under/OnBudget
PJT1903,AI/ML,2019-07-26,40,20003,3,3,Low,5,35.7,0.703,6.89,0.656,31,-9,14002,-0.3,9.13,1,2019-09-04,2019-08-26,1,0,Under/OnBudget
PJT9685,Mobile App,2018-02-14,33,78673,3,4,Low,5,44.1,0.794,8.62,0.909,39,6,94950,0.2069,7.35,0,2018-03-19,2018-03-25,0,0,10-25%
PJT7205,AI/ML,2021-08-26,52,298337,5,4,Low,3,48.2,0.763,5.04,0.73,53,1,277961,-0.0683,8.92,1,2021-10-17,2021-10-18,0,0,Under/OnBudget
PJT4858,Web App,2018-04-18,396,84706,7,3,Medium,3,69.2,0.823,7.13,0.734,416,20,89297,0.0542,6.77,0,2019-05-19,2019-06-08,0,0,<10%
PJT3683,Mobile App,2020-10-18,176,605243,9,3,Low,6,67.3,0.715,7.74,0.755,179,3,666978,0.102,9.35,1,2021-04-12,2021-04-15,0,0,10-25%
PJT5175,AI/ML,2020-12-02,397,17302,3,4,Low,5,57.5,0.597,4.88,0.625,327,-70,12478,-0.2788,9.0,1,2022-01-03,2021-10-25,1,0,Under/OnBudget
PJT4730,Web App,2021-05-16,132,97294,5,3,High,7,46.8,0.649,3.36,0.767,140,8,114865,0.1806,6.88,0,2021-09-25,2021-10-03,0,0,10-25%
PJT7628,Mobile App,2020-03-18,94,21963,3,4,High,6,31.1,0.891,5.23,0.643,119,25,27454,0.25,6.88,0,2020-06-20,2020-07-15,0,1,25-50%
PJT6141,Web App,2020-11-24,158,152720,2,5,Medium,8,70.2,0.457,4.12,0.443,229,71,255852,0.6753,6.96,0,2021-05-01,2021-07-11,0,1,>50%
PJT6443,Web App,2019-03-18,134,286148,7,3,Medium,8,41.3,0.431,5.53,0.831,140,6,292386,0.0218,8.86,1,2019-07-30,2019-08-05,0,0,<10%
PJT2540,Data Engineering,2020-12-24,47,59581,6,4,Low,8,49.2,0.616,7.21,0.766,56,9,78266,0.3136,7.8,0,2021-02-09,2021-02-18,0,0,25-50%
PJT9088,Mobile App,2019-05-17,215,5000,3,4,Medium,9,54.4,0.511,6.19,0.651,267,52,6299,0.2598,6.62,0,2019-12-18,2020-02-08,0,0,25-50%
PJT8959,Internal Tool,2021-08-11,70,125334,4,4,High,5,45.9,0.644,6.17,0.562,72,2,133506,0.0652,7.36,0,2021-10-20,2021-10-22,0,0,<10%
PJT1625,Web App,2018-08-27,206,166723,2,3,Low,3,62.3,0.484,4.08,0.832,188,-18,153469,-0.0795,8.2,1,2019-03-21,2019-03-03,1,0,Under/OnBudget
PJT6972,Infrastructure,2019-04-07,220,160356,8,1,Low,4,51.8,0.578,3.14,0.611,251,31,192219,0.1987,9.73,1,2019-11-13,2019-12-14,0,0,10-25%
PJT7162,Infrastructure,2019-12-30,56,434929,12,3,High,5,59.8,0.332,3.06,0.624,76,20,646696,0.4869,6.98,0,2020-02-24,2020-03-15,0,1,25-50%
PJT7797,AI/ML,2021-02-06,39,27303,3,3,Medium,6,51.7,0.597,2.17,0.563,44,5,28870,0.0574,6.72,0,2021-03-17,2021-03-22,0,0,<10%
PJT5858,Mobile App,2020-12-29,285,223297,4,3,Low,7,44.4,0.553,2.99,0.63,334,49,260163,0.1651,8.01,0,2021-10-10,2021-11-28,0,0,10-25%
PJT1837,Mobile App,2018-11-04,141,412920,9,4,Medium,4,46.1,0.543,5.73,0.838,146,5,404785,-0.0197,6.09,0,2019-03-25,2019-03-30,0,0,Under/OnBudget
PJT3015,Mobile App,2018-07-30,38,11681,10,3,Medium,6,44.1,0.5,4.65,0.973,41,3,13410,0.148,8.01,0,2018-09-06,2018-09-09,0,0,10-25%
PJT6156,Data Engineering,2019-03-20,417,144869,5,3,Medium,13,25.7,0.517,5.71,0.681,450,33,168830,0.1654,8.33,0,2020-05-10,2020-06-12,0,0,10-25%
PJT9263,Internal Tool,2019-12-08,38,53905,2,2,High,3,30.0,0.64,9.08,0.564,48,10,78825,0.4623,7.02,0,2020-01-15,2020-01-25,0,1,25-50%
PJT8234,Data Engineering,2020-02-26,241,89516,2,4,High,7,56.1,0.623,8.73,0.852,307,66,128267,0.4329,6.19,0,2020-10-24,2020-12-29,0,1,25-50%
PJT5748,Web App,2019-09-19,409,149823,6,3,Medium,7,26.1,0.689,6.95,0.671,390,-19,156925,0.0474,8.41,1,2020-11-01,2020-10-13,1,0,<10%
PJT1063,Infrastructure,2020-08-26,75,55013,5,2,High,2,38.9,0.349,4.86,0.856,85,10,61807,0.1235,7.59,0,2020-11-09,2020-11-19,0,0,10-25%
PJT9221,Data Engineering,2019-09-17,54,43877,2,2,Medium,5,29.2,0.522,4.8,0.777,57,3,50169,0.1434,7.24,0,2019-11-10,2019-11-13,0,0,10-25%
PJT5652,Web App,2021-10-13,49,102845,6,4,High,2,38.1,0.636,7.41,0.799,55,6,128906,0.2534,5.23,0,2021-12-01,2021-12-07,0,0,25-50%
PJT7789,Web App,2019-01-17,92,26777,2,3,Medium,4,42.7,0.725,7.69,0.57,97,5,29747,0.1109,7.39,0,2019-04-19,2019-04-24,0,0,10-25%
PJT8183,Infrastructure,2020-07-04,46,26823,8,2,High,3,38.9,0.921,5.49,0.456,47,1,30224,0.1268,7.55,0,2020-08-19,2020-08-20,0,0,10-25%
PJT3325,AI/ML,2020-06-11,240,223072,4,5,High,3,23.6,0.742,3.7,0.545,340,100,357651,0.6033,6.76,0,2021-02-06,2021-05-17,0,1,>50%
PJT6850,Internal Tool,2019-02-16,39,24871,2,4,Low,1,42.2,0.432,5.55,0.708,38,-1,24881,0.0004,9.14,1,2019-03-27,2019-03-26,1,0,<10%
PJT5372,Web App,2019-08-25,160,219603,6,5,High,7,30.6,0.757,4.13,0.504,205,45,308103,0.403,7.3,0,2020-02-01,2020-03-17,0,1,25-50%
PJT7364,Internal Tool,2019-06-18,418,171976,5,3,High,4,35.5,0.685,2.62,0.488,647,229,307201,0.7863,6.79,0,2020-08-09,2021-03-26,0,1,>50%
PJT5765,Web App,2018-09-09,304,12444,12,3,High,9,56.1,0.586,7.6,0.891,325,21,14161,0.138,7.76,0,2019-07-10,2019-07-31,0,0,10-25%
PJT8191,Web App,2019-11-28,204,43780,6,4,Low,4,59.3,0.602,5.59,0.774,217,13,49944,0.1408,8.72,1,2020-06-19,2020-07-02,0,0,10-25%
PJT3879,Web App,2019-07-19,93,413714,4,3,High,6,25.3,0.624,3.18,0.894,109,16,542338,0.3109,7.46,0,2019-10-20,2019-11-05,0,0,25-50%
PJT3188,Internal Tool,2018-09-18,207,30412,7,4,High,3,68.5,0.658,6.44,0.8,236,29,39061,0.2844,6.63,0,2019-04-13,2019-05-12,0,0,25-50%
PJT3781,Infrastructure,2019-10-19,167,56541,4,2,Low,8,37.3,0.746,2.81,0.785,168,1,58656,0.0374,10.0,1,2020-04-03,2020-04-04,0,0,<10%
PJT3145,AI/ML,2019-09-08,130,171866,9,3,High,6,36.0,0.63,4.19,0.605,138,8,187712,0.0922,7.22,0,2020-01-16,2020-01-24,0,0,<10%
PJT1275,Mobile App,2018-07-11,51,252728,5,2,Low,5,31.6,0.842,7.13,0.679,52,1,279391,0.1055,9.15,1,2018-08-31,2018-09-01,0,0,10-25%
PJT2266,Internal Tool,2018-07-11,347,72996,6,2,Low,3,45.8,0.562,4.95,0.775,270,-77,51097,-0.3,8.6,1,2019-06-23,2019-04-07,1,0,Under/OnBudget
PJT7576,Mobile App,2020-08-03,138,48194,2,1,Medium,11,74.7,0.629,5.78,0.628,189,51,75212,0.5606,7.7,0,2020-12-19,2021-02-08,0,1,>50%
PJT5104,Internal Tool,2020-10-28,65,544076,5,1,Medium,7,21.9,0.487,6.09,0.831,87,22,830804,0.527,7.19,0,2021-01-01,2021-01-23,0,1,>50%
PJT3319,Mobile App,2021-10-06,111,795463,8,5,Medium,6,15.0,0.504,8.24,0.789,114,3,960760,0.2078,7.02,0,2022-01-25,2022-01-28,0,0,10-25%
PJT1031,Mobile App,2018-05-08,126,319537,8,2,Low,6,49.0,0.596,6.66,0.771,154,28,414376,0.2968,8.03,0,2018-09-11,2018-10-09,0,0,25-50%
PJT1851,Mobile App,2018-06-22,312,109358,4,3,High,6,53.5,0.687,2.2,0.499,368,56,131120,0.199,7.42,0,2019-04-30,2019-06-25,0,0,10-25%
PJT9796,Mobile App,2018-03-17,260,37425,4,4,Low,6,45.8,0.856,7.91,0.681,271,11,41085,0.0978,9.07,1,2018-12-02,2018-12-13,0,0,<10%
PJT6868,Infrastructure,2020-02-17,279,36442,8,3,Low,5,53.9,0.577,5.85,0.78,248,-31,34048,-0.0657,9.04,1,2020-11-22,2020-10-22,1,0,Under/OnBudget
PJT8720,AI/ML,2020-06-28,31,184798,10,2,Low,8,28.0,0.717,7.13,0.935,35,4,229186,0.2402,8.36,0,2020-07-29,2020-08-02,0,0,10-25%
PJT2807,Web App,2019-08-13,126,163093,3,4,Medium,6,30.8,0.789,2.79,0.907,124,-2,167937,0.0297,7.72,0,2019-12-17,2019-12-15,1,0,<10%
PJT7195,Internal Tool,2021-03-10,149,530682,5,3,High,8,46.9,0.58,4.21,0.76,201,52,778776,0.4675,6.37,0,2021-08-06,2021-09-27,0,1,25-50%
PJT7331,Mobile App,2020-09-29,32,215462,4,4,Medium,13,71.4,0.66,6.77,0.621,36,4,272904,0.2666,7.88,0,2020-10-31,2020-11-04,0,0,25-50%
PJT7063,AI/ML,2021-12-10,80,16257,9,4,High,4,53.4,0.312,4.87,0.676,97,17,21832,0.3429,7.31,0,2022-02-28,2022-03-17,0,0,25-50%
PJT8411,Internal Tool,2018-07-21,274,348829,3,5,Low,1,54.1,0.555,9.1,0.699,258,-16,281854,-0.192,8.17,1,2019-04-21,2019-04-05,1,0,Under/OnBudget
PJT4562,AI/ML,2018-03-27,53,29802,4,3,Medium,4,28.9,0.363,7.29,0.534,62,9,37023,0.2423,6.26,0,2018-05-19,2018-05-28,0,0,10-25%
PJT4198,Web App,2019-02-06,170,62270,7,3,Medium,2,51.3,0.631,3.28,0.468,160,-10,56068,-0.0996,9.3,1,2019-07-26,2019-07-16,1,0,Under/OnBudget
PJT5504,Data Engineering,2018-01-28,69,133284,2,3,Medium,7,27.3,0.606,4.24,0.821,77,8,158661,0.1904,7.3,0,2018-04-07,2018-04-15,0,0,10-25%
PJT8985,AI/ML,2021-09-23,31,1082519,5,1,Low,4,71.5,0.473,5.19,0.958,41,10,1557853,0.4391,7.67,0,2021-10-24,2021-11-03,0,1,25-50%
PJT7734,Mobile App,2019-03-20,76,2000000,5,4,Medium,5,29.8,0.77,5.08,0.926,70,-6,1726400,-0.1368,7.16,0,2019-06-04,2019-05-29,1,0,Under/OnBudget
PJT7989,Web App,2020-03-17,404,204448,4,2,Medium,8,33.1,0.477,4.08,0.608,475,71,236260,0.1556,7.99,0,2021-04-25,2021-07-05,0,0,10-25%
PJT3947,Internal Tool,2019-04-10,297,79234,5,3,High,6,22.9,0.689,7.73,0.614,350,53,91595,0.156,5.88,0,2020-02-01,2020-03-25,0,0,10-25%
PJT5123,AI/ML,2018-12-25,393,187476,6,4,Medium,5,46.3,0.496,7.31,0.958,397,4,186445,-0.0055,7.06,0,2020-01-22,2020-01-26,0,0,Under/OnBudget
PJT5783,AI/ML,2018-08-11,152,286412,3,3,Low,2,45.7,0.553,7.18,0.809,141,-11,255279,-0.1087,9.03,1,2019-01-10,2018-12-30,1,0,Under/OnBudget
PJT6599,Internal Tool,2019-04-13,47,67185,6,3,Medium,6,67.7,0.669,5.35,0.849,62,15,100200,0.4914,7.95,0,2019-05-30,2019-06-14,0,1,25-50%
PJT1071,Infrastructure,2020-06-17,175,851073,8,3,Low,5,56.6,0.813,4.83,0.853,219,44,1208013,0.4194,7.91,0,2020-12-09,2021-01-22,0,1,25-50%
PJT6516,Web App,2021-11-19,139,130103,8,4,High,6,33.1,0.574,2.34,0.801,146,7,139028,0.0686,7.11,0,2022-04-07,2022-04-14,0,0,<10%
PJT9234,Mobile App,2020-03-25,321,179385,3,3,Medium,3,58.1,0.378,3.08,0.593,359,38,228339,0.2729,6.98,0,2021-02-09,2021-03-19,0,0,25-50%
PJT5360,Web App,2020-02-17,45,219500,3,4,Low,6,26.3,0.666,5.58,0.792,41,-4,197462,-0.1004,9.13,1,2020-04-02,2020-03-29,1,0,Under/OnBudget
PJT2831,Infrastructure,2018-02-21,152,163719,4,1,High,6,34.2,0.473,7.95,0.664,168,16,182661,0.1157,7.06,0,2018-07-23,2018-08-08,0,0,10-25%
PJT1045,Web App,2021-05-11,55,270149,5,4,Medium,4,46.8,0.736,6.97,0.848,47,-8,197668,-0.2683,6.95,0,2021-07-05,2021-06-27,1,0,Under/OnBudget
PJT9174,AI/ML,2018-03-07,98,47066,5,4,Low,7,28.0,0.934,5.16,0.751,132,34,72500,0.5404,7.59,0,2018-06-13,2018-07-17,0,1,>50%
PJT8392,Infrastructure,2021-08-16,262,50516,7,2,Medium,4,61.0,0.905,3.84,0.549,324,62,67565,0.3375,7.44,0,2022-05-05,2022-07-06,0,0,25-50%
PJT7071,Internal Tool,2020-02-26,147,26366,2,3,Low,0,79.2,0.706,8.4,0.903,145,-2,23279,-0.1171,9.16,1,2020-07-22,2020-07-20,1,0,Under/OnBudget
PJT2675,Mobile App,2018-09-03,113,167276,2,2,High,9,40.6,0.74,5.39,0.752,135,22,220236,0.3166,7.76,0,2018-12-25,2019-01-16,0,0,25-50%
PJT8268,Internal Tool,2019-10-22,119,251381,5,4,High,1,35.2,0.721,4.06,0.659,125,6,292909,0.1652,6.52,0,2020-02-18,2020-02-24,0,0,10-25%
PJT7381,Web App,2021-12-23,141,170984,7,3,High,6,43.1,0.519,6.52,0.612,192,51,260374,0.5228,6.38,0,2022-05-13,2022-07-03,0,1,>50%
PJT7744,Internal Tool,2019-03-22,288,736299,4,3,Medium,4,36.6,0.737,4.15,0.724,306,18,784306,0.0652,6.75,0,2020-01-04,2020-01-22,0,0,<10%
PJT7834,Web App,2019-01-29,350,98055,7,2,Medium,5,48.9,0.866,5.51,0.827,375,25,104125,0.0619,8.34,1,2020-01-14,2020-02-08,0,0,<10%
PJT4023,Mobile App,2018-06-22,390,220244,4,2,High,6,25.2,0.77,2.63,0.72,388,-2,234846,0.0663,9.4,1,2019-07-17,2019-07-15,1,0,<10%
PJT3790,Internal Tool,2020-05-21,289,26634,9,1,Low,8,49.8,0.905,4.51,0.617,297,8,30200,0.1339,9.73,1,2021-03-06,2021-03-14,0,0,10-25%
PJT7343,Web App,2018-05-11,95,62037,9,3,Medium,4,73.7,0.469,7.6,0.766,139,44,104911,0.6911,7.74,0,2018-08-14,2018-09-27,0,1,>50%
PJT2012,Web App,2021-01-23,238,227441,4,3,Medium,5,15.0,0.356,3.81,0.912,260,22,257099,0.1304,7.65,0,2021-09-18,2021-10-10,0,0,10-25%
PJT5589,Infrastructure,2021-09-04,133,273463,4,4,Low,10,27.5,0.551,3.01,0.619,138,5,295422,0.0803,8.7,1,2022-01-15,2022-01-20,0,0,<10%
PJT4507,Infrastructure,2021-09-22,79,69372,5,3,Medium,5,38.3,0.525,6.22,0.609,94,15,82990,0.1963,8.01,0,2021-12-10,2021-12-25,0,0,10-25%
PJT5802,AI/ML,2018-06-07,319,90588,4,3,High,7,53.1,0.709,7.61,0.827,390,71,121560,0.3419,6.55,0,2019-04-22,2019-07-02,0,0,25-50%
PJT3071,Infrastructure,2020-03-26,35,15971,7,5,High,6,58.4,0.61,4.84,0.708,43,8,20405,0.2776,7.51,0,2020-04-30,2020-05-08,0,0,25-50%
PJT8530,AI/ML,2018-05-22,356,64316,8,4,Low,4,57.1,0.665,4.57,0.471,372,16,65371,0.0164,8.86,1,2019-05-13,2019-05-29,0,0,<10%
PJT3317,Web App,2020-04-15,142,287351,7,5,Low,3,19.6,0.531,6.38,0.646,151,9,334821,0.1652,7.99,0,2020-09-04,2020-09-13,0,0,10-25%
PJT6347,Mobile App,2021-04-04,214,196860,8,3,Low,5,34.9,0.456,4.15,0.78,166,-48,139101,-0.2934,8.48,1,2021-11-04,2021-09-17,1,0,Under/OnBudget
PJT3175,Web App,2020-02-25,224,180016,5,2,High,4,31.5,0.906,4.03,0.574,223,-1,193355,0.0741,8.38,1,2020-10-06,2020-10-05,1,0,<10%
PJT3372,Internal Tool,2021-06-27,352,104792,3,1,Low,4,44.0,0.836,7.92,0.65,289,-63,73354,-0.3,8.6,1,2022-06-14,2022-04-12,1,0,Under/OnBudget
PJT7802,AI/ML,2021-03-16,213,99556,7,4,Medium,5,45.3,0.503,8.3,0.693,233,20,113255,0.1376,7.52,0,2021-10-15,2021-11-04,0,0,10-25%
PJT6225,Mobile App,2019-02-08,203,44695,5,2,Low,2,24.5,0.62,7.39,0.5,193,-10,37544,-0.16,9.33,1,2019-08-30,2019-08-20,1,0,Under/OnBudget
PJT7228,Mobile App,2020-07-08,40,228341,7,2,Medium,7,38.4,0.643,5.96,0.91,49,9,294697,0.2906,8.41,0,2020-08-17,2020-08-26,0,0,25-50%
PJT6121,Data Engineering,2018-01-11,163,163598,4,3,Medium,3,53.7,0.63,7.01,0.565,156,-7,165954,0.0144,6.96,0,2018-06-23,2018-06-16,1,0,<10%
PJT9050,Web App,2019-08-02,55,178157,3,3,High,5,35.6,0.543,3.08,0.776,61,6,211223,0.1856,7.57,0,2019-09-26,2019-10-02,0,0,10-25%
PJT8732,AI/ML,2018-12-14,262,52510,14,3,Low,6,42.0,0.599,5.14,0.796,189,-73,36757,-0.3,9.04,1,2019-09-02,2019-06-21,1,0,Under/OnBudget
PJT6144,AI/ML,2021-09-30,161,7450,3,2,Medium,8,70.5,0.596,5.06,0.888,203,42,10295,0.3819,7.35,0,2022-03-10,2022-04-21,0,1,25-50%
PJT7812,AI/ML,2019-08-15,234,368274,13,3,Low,5,74.9,0.566,2.69,0.955,233,-1,301948,-0.1801,7.36,0,2020-04-05,2020-04-04,1,0,Under/OnBudget
PJT8824,Web App,2020-08-12,36,55570,12,3,Medium,3,15.0,0.892,7.06,0.593,37,1,57815,0.0404,8.28,1,2020-09-17,2020-09-18,0,0,<10%
PJT6455,Internal Tool,2020-12-04,43,35055,8,5,High,3,46.7,0.459,4.16,0.687,58,15,52989,0.5116,6.69,0,2021-01-16,2021-01-31,0,1,>50%
PJT3504,Data Engineering,2021-02-02,252,226880,7,4,Low,5,88.8,0.462,6.96,0.543,305,53,299981,0.3222,7.41,0,2021-10-12,2021-12-04,0,0,25-50%
PJT2502,AI/ML,2020-12-10,41,61672,6,5,High,7,52.2,0.607,6.32,0.816,45,4,68450,0.1099,5.71,0,2021-01-20,2021-01-24,0,0,10-25%
PJT8042,Infrastructure,2019-02-27,40,352189,9,4,Medium,5,45.3,0.563,7.64,0.726,49,9,475033,0.3488,5.74,0,2019-04-08,2019-04-17,0,0,25-50%
PJT9534,Data Engineering,2020-09-28,31,206986,4,3,Low,5,64.7,0.595,7.6,0.595,29,-2,175172,-0.1537,8.84,1,2020-10-29,2020-10-27,1,0,Under/OnBudget
PJT4860,Infrastructure,2020-03-12,391,224198,5,2,Medium,10,48.3,0.681,7.69,0.834,439,48,276974,0.2354,7.98,0,2021-04-07,2021-05-25,0,0,10-25%
PJT8858,Web App,2020-05-22,262,19165,6,3,Low,2,55.6,0.765,3.26,0.913,226,-36,15940,-0.1683,9.11,1,2021-02-08,2021-01-03,1,0,Under/OnBudget
PJT8519,AI/ML,2018-01-02,106,422664,5,3,Medium,6,41.8,0.646,5.0,0.595,98,-8,406138,-0.0391,8.05,1,2018-04-18,2018-04-10,1,0,Under/OnBudget
PJT3860,AI/ML,2019-01-13,90,135064,5,3,High,7,48.1,0.785,4.85,0.679,106,16,171909,0.2728,6.01,0,2019-04-13,2019-04-29,0,0,25-50%
PJT2248,Mobile App,2021-09-20,105,63378,4,3,Low,4,51.4,0.894,3.47,0.91,90,-15,53314,-0.1588,9.58,1,2022-01-03,2021-12-19,1,0,Under/OnBudget
PJT8083,Infrastructure,2019-02-28,282,117250,6,3,Medium,11,58.0,0.633,4.12,0.813,418,136,193662,0.6517,6.37,0,2019-12-07,2020-04-21,0,1,>50%
PJT6010,Data Engineering,2019-10-02,225,11714,9,3,High,5,38.5,0.821,5.95,0.912,237,12,12958,0.1062,7.28,0,2020-05-14,2020-05-26,0,0,10-25%
PJT7305,Data Engineering,2018-09-30,63,161197,4,3,High,4,38.1,0.357,5.0,0.782,60,-3,167194,0.0372,8.68,1,2018-12-02,2018-11-29,1,0,<10%
PJT6762,Mobile App,2018-07-22,60,28703,10,2,Medium,1,16.1,0.309,6.64,0.808,56,-4,27905,-0.0278,9.72,1,2018-09-20,2018-09-16,1,0,Under/OnBudget
PJT5390,Web App,2018-11-01,45,19473,7,4,High,11,39.2,0.79,6.66,0.744,55,10,25965,0.3334,6.39,0,2018-12-16,2018-12-26,0,0,25-50%
PJT3139,Data Engineering,2020-03-19,224,15886,8,2,Medium,3,59.3,0.654,3.05,0.759,249,25,18007,0.1335,9.37,1,2020-10-29,2020-11-23,0,0,10-25%
PJT8335,Internal Tool,2021-09-03,277,375204,6,1,Medium,2,51.9,0.513,6.74,0.827,313,36,442253,0.1787,9.8,1,2022-06-07,2022-07-13,0,0,10-25%
PJT9748,Web App,2019-04-22,82,46392,8,3,High,7,30.0,0.513,3.26,0.711,106,24,69504,0.4982,6.23,0,2019-07-13,2019-08-06,0,1,25-50%
PJT7118,Data Engineering,2019-04-18,33,621862,2,3,Medium,5,16.4,0.358,7.47,0.919,29,-4,526468,-0.1534,8.77,1,2019-05-21,2019-05-17,1,0,Under/OnBudget
PJT4994,Internal Tool,2020-04-03,42,51898,8,3,Medium,1,42.9,0.472,7.77,0.866,51,9,71962,0.3866,7.18,0,2020-05-15,2020-05-24,0,0,25-50%
PJT2152,AI/ML,2019-06-05,399,12723,2,2,Medium,6,58.9,0.598,4.14,0.535,396,-3,12138,-0.046,8.37,1,2020-07-08,2020-07-05,1,0,Under/OnBudget
PJT4744,AI/ML,2021-08-22,90,25853,9,3,High,4,37.8,0.73,3.93,0.713,110,20,34503,0.3346,7.03,0,2021-11-20,2021-12-10,0,0,25-50%
PJT4621,Mobile App,2019-07-06,279,434945,14,3,High,9,23.3,0.536,7.19,0.867,403,124,745017,0.7129,6.32,0,2020-04-10,2020-08-12,0,1,>50%
PJT6890,Web App,2019-12-18,208,81873,4,5,Medium,4,36.2,0.704,8.09,0.859,209,1,85787,0.0478,6.99,0,2020-07-13,2020-07-14,0,0,<10%
PJT4907,Mobile App,2020-02-18,115,51126,4,5,Medium,9,49.9,0.802,5.36,0.736,117,2,53810,0.0525,7.89,0,2020-06-12,2020-06-14,0,0,<10%
PJT4728,Internal Tool,2021-02-15,67,119614,8,3,Medium,5,63.6,0.768,3.56,0.345,64,-3,112497,-0.0595,8.6,1,2021-04-23,2021-04-20,1,0,Under/OnBudget
PJT8747,Web App,2020-04-03,49,180257,4,3,Medium,2,41.1,0.616,3.84,0.834,54,5,190928,0.0592,8.65,1,2020-05-22,2020-05-27,0,0,<10%
PJT4066,Mobile App,2018-12-16,203,377331,9,4,Low,8,60.8,0.81,5.15,0.736,255,52,520830,0.3803,8.01,0,2019-07-07,2019-08-28,0,1,25-50%
PJT3860,Mobile App,2018-07-01,282,561406,3,1,High,2,59.2,0.328,4.96,0.895,273,-9,546473,-0.0266,7.93,0,2019-04-09,2019-03-31,1,0,Under/OnBudget
PJT1163,AI/ML,2021-10-01,217,64105,3,3,Medium,7,27.4,0.627,5.52,0.774,224,7,69080,0.0776,6.89,0,2022-05-06,2022-05-13,0,0,<10%
PJT2714,Data Engineering,2021-03-16,168,20105,12,3,Medium,9,63.8,0.234,6.58,0.472,235,67,30353,0.5097,7.54,0,2021-08-31,2021-11-06,0,1,>50%
PJT4462,Mobile App,2018-02-03,36,60105,7,5,Low,3,49.4,0.615,2.41,0.762,43,7,74338,0.2368,5.62,0,2018-03-11,2018-03-18,0,0,10-25%
PJT2440,Mobile App,2021-04-14,399,134906,8,1,Low,3,26.9,0.745,5.92,0.732,383,-16,118394,-0.1224,8.9,1,2022-05-18,2022-05-02,1,0,Under/OnBudget
PJT6313,Infrastructure,2020-05-12,295,31054,4,3,High,6,71.4,0.311,2.74,0.73,354,59,39203,0.2624,7.43,0,2021-03-03,2021-05-01,0,0,25-50%
PJT9992,Mobile App,2020-01-28,89,31301,7,4,Medium,7,43.1,0.489,2.82,0.811,113,24,44513,0.4221,6.74,0,2020-04-26,2020-05-20,0,1,25-50%
PJT7227,Web App,2018-01-18,407,149126,6,3,Low,2,15.8,0.951,6.81,0.7,522,115,203199,0.3626,7.4,0,2019-03-01,2019-06-24,0,1,25-50%
PJT3660,Mobile App,2021-02-14,198,93117,6,1,Medium,9,34.4,0.771,4.91,0.724,250,52,139387,0.4969,7.14,0,2021-08-31,2021-10-22,0,1,25-50%
PJT2690,Web App,2018-10-17,189,102678,7,5,Medium,5,30.7,0.417,4.96,0.822,270,81,160496,0.5631,6.26,0,2019-04-24,2019-07-14,0,1,>50%
PJT1233,Web App,2020-11-28,268,39728,6,3,Low,5,34.8,0.823,5.32,0.689,259,-9,35767,-0.0997,7.75,1,2021-08-23,2021-08-14,1,0,Under/OnBudget
PJT2876,Mobile App,2018-01-24,303,74871,5,3,Medium,3,38.3,0.465,6.24,0.61,426,123,119419,0.595,7.02,0,2018-11-23,2019-03-26,0,1,>50%
PJT4370,Mobile App,2021-03-08,222,32563,4,2,Medium,6,41.1,0.691,4.18,0.617,212,-10,31817,-0.0229,9.13,1,2021-10-16,2021-10-06,1,0,Under/OnBudget
PJT7339,Data Engineering,2018-02-03,51,287287,8,3,Medium,6,40.6,0.386,3.84,0.936,47,-4,239971,-0.1647,7.32,0,2018-03-26,2018-03-22,1,0,Under/OnBudget
PJT6109,Mobile App,2018-12-11,102,341909,4,3,Medium,4,43.5,0.886,6.27,0.688,117,15,396136,0.1586,6.78,0,2019-03-23,2019-04-07,0,0,10-25%
PJT2045,AI/ML,2019-01-27,373,10771,7,1,Medium,6,53.8,0.675,5.34,0.409,474,101,15725,0.4599,6.89,0,2020-02-04,2020-05-15,0,1,25-50%
PJT7091,AI/ML,2018-08-18,72,32357,4,2,High,8,33.8,0.688,8.83,0.627,90,18,46361,0.4328,6.91,0,2018-10-29,2018-11-16,0,0,25-50%
PJT5481,Web App,2019-12-04,112,16386,6,4,Medium,4,62.7,0.707,4.92,0.809,119,7,19003,0.1597,6.34,0,2020-03-25,2020-04-01,0,0,10-25%
PJT5459,Infrastructure,2019-02-19,132,45251,7,2,Low,6,26.6,0.801,7.9,0.828,144,12,49934,0.1035,8.82,1,2019-07-01,2019-07-13,0,0,10-25%
PJT9033,Web App,2021-12-21,134,89311,4,2,Low,4,54.2,0.439,6.84,0.443,151,17,107709,0.206,7.76,0,2022-05-04,2022-05-21,0,0,10-25%
PJT7417,Data Engineering,2020-04-26,203,17334,2,3,Medium,9,69.6,0.641,6.27,0.624,252,49,21553,0.2434,6.76,0,2020-11-15,2021-01-03,0,0,10-25%
PJT2407,Web App,2020-04-07,382,32655,3,4,High,5,42.3,0.648,7.73,0.607,422,40,41018,0.2561,7.34,0,2021-04-24,2021-06-03,0,0,25-50%
PJT1207,Mobile App,2018-11-19,75,29592,6,1,Low,7,47.9,0.309,8.3,0.764,69,-6,27597,-0.0674,8.88,1,2019-02-02,2019-01-27,1,0,Under/OnBudget
PJT5370,Web App,2019-08-20,50,126592,8,3,Medium,2,30.5,0.711,3.87,0.698,55,5,146530,0.1575,6.9,0,2019-10-09,2019-10-14,0,0,10-25%
PJT8150,Data Engineering,2018-07-01,65,107282,2,2,Low,4,37.3,0.69,1.6,0.523,66,1,105469,-0.0169,9.62,1,2018-09-04,2018-09-05,0,0,Under/OnBudget
PJT9687,AI/ML,2021-01-18,347,41519,7,1,Medium,4,68.5,0.776,3.26,0.883,370,23,44081,0.0617,9.45,1,2021-12-31,2022-01-23,0,0,<10%
PJT1901,AI/ML,2019-04-29,217,122050,5,1,High,7,56.2,0.641,3.78,0.668,281,64,176960,0.4499,7.56,0,2019-12-02,2020-02-04,0,1,25-50%
PJT8083,Web App,2021-01-02,87,51225,5,4,Medium,3,51.3,0.657,6.88,0.808,96,9,58058,0.1334,6.68,0,2021-03-30,2021-04-08,0,0,10-25%
PJT2749,Infrastructure,2019-06-27,305,71255,10,2,Medium,4,15.9,0.371,5.83,0.589,336,31,81701,0.1466,7.69,0,2020-04-27,2020-05-28,0,0,10-25%
PJT9651,Web App,2021-12-14,332,735380,4,1,Low,3,34.3,0.692,5.88,0.828,352,20,754647,0.0262,9.8,1,2022-11-11,2022-12-01,0,0,<10%
PJT5489,Internal Tool,2018-09-07,323,493142,5,3,Medium,3,71.1,0.442,4.67,0.784,474,151,864774,0.7536,7.42,0,2019-07-27,2019-12-25,0,1,>50%
PJT7582,Web App,2018-01-03,367,20754,2,4,Low,2,51.2,0.527,5.06,0.795,323,-44,17525,-0.1556,8.78,1,2019-01-05,2018-11-22,1,0,Under/OnBudget
PJT9030,Web App,2020-05-18,78,267180,3,2,High,10,53.0,0.808,4.9,0.353,106,28,404297,0.5132,7.39,0,2020-08-04,2020-09-01,0,1,>50%
PJT5734,Web App,2021-10-23,272,261366,4,3,Low,3,47.6,0.403,4.53,0.607,294,22,268083,0.0257,8.96,1,2022-07-22,2022-08-13,0,0,<10%
PJT5665,Mobile App,2020-08-02,142,24887,2,1,High,2,35.8,0.448,3.57,0.726,156,14,29566,0.188,7.5,0,2020-12-22,2021-01-05,0,0,10-25%
PJT3194,AI/ML,2018-05-06,320,263691,6,3,Medium,6,50.0,0.617,6.69,0.501,306,-14,241963,-0.0824,7.24,0,2019-03-22,2019-03-08,1,0,Under/OnBudget
PJT8126,Web App,2020-02-29,258,625007,5,3,Medium,4,22.0,0.519,8.1,0.515,359,101,1017136,0.6274,6.44,0,2020-11-13,2021-02-22,0,1,>50%
PJT1959,Infrastructure,2021-08-20,283,25667,6,3,Medium,6,20.9,0.585,7.89,0.653,337,54,32348,0.2603,6.91,0,2022-05-30,2022-07-23,0,0,25-50%
PJT9585,Mobile App,2018-01-10,222,32827,3,3,High,2,34.0,0.53,5.93,0.471,269,47,46821,0.4263,7.94,0,2018-08-20,2018-10-06,0,0,25-50%
PJT5538,AI/ML,2018-09-01,61,334768,4,2,Low,4,47.9,0.676,1.97,0.604,48,-13,234338,-0.3,8.23,1,2018-11-01,2018-10-19,1,0,Under/OnBudget
PJT5058,Mobile App,2021-04-04,174,136734,7,2,Low,9,21.5,0.597,5.71,0.816,163,-11,128407,-0.0609,9.98,1,2021-09-25,2021-09-14,1,0,Under/OnBudget
PJT5842,Mobile App,2021-07-29,410,191333,11,3,Medium,10,46.9,0.701,6.15,0.644,487,77,250684,0.3102,7.51,0,2022-09-12,2022-11-28,0,0,25-50%
PJT3177,AI/ML,2020-10-29,379,148554,2,1,Low,5,30.1,0.354,7.33,0.418,352,-27,155670,0.0479,9.42,1,2021-11-12,2021-10-16,1,0,<10%
PJT2799,Web App,2021-12-18,36,157761,9,4,Low,2,32.1,0.541,6.99,0.56,44,8,191948,0.2167,6.46,0,2022-01-23,2022-01-31,0,0,10-25%
PJT8570,Web App,2018-05-12,58,20095,6,5,High,3,64.5,0.671,4.79,0.771,81,23,35514,0.7673,6.5,0,2018-07-09,2018-08-01,0,1,>50%
PJT9696,Internal Tool,2020-03-07,51,346896,6,5,High,7,45.6,0.344,4.27,0.588,69,18,522113,0.5051,6.13,0,2020-04-27,2020-05-15,0,1,>50%
PJT1719,Data Engineering,2020-09-27,257,401719,6,4,Medium,6,31.4,0.814,3.29,0.605,257,0,433857,0.08,7.59,0,2021-06-11,2021-06-11,1,0,<10%
PJT2987,Mobile App,2020-10-22,306,74962,3,3,High,4,47.8,0.696,5.4,0.784,312,6,82923,0.1062,6.57,0,2021-08-24,2021-08-30,0,0,10-25%
PJT6773,Web App,2021-03-04,69,93698,3,4,Medium,2,23.0,0.56,4.72,0.837,70,1,94541,0.009,6.86,0,2021-05-12,2021-05-13,0,0,<10%
PJT3878,AI/ML,2021-09-01,158,15720,6,2,Low,7,50.7,0.737,4.79,0.645,157,-1,14948,-0.0491,9.32,1,2022-02-06,2022-02-05,1,0,Under/OnBudget
PJT9825,Mobile App,2019-06-12,319,182975,5,3,Medium,6,61.6,0.815,6.71,0.656,322,3,197778,0.0809,8.38,1,2020-04-26,2020-04-29,0,0,<10%
PJT3420,Web App,2018-03-04,260,196117,10,3,Medium,7,54.9,0.622,5.79,0.723,286,26,240204,0.2248,7.68,0,2018-11-19,2018-12-15,0,0,10-25%
PJT2324,Web App,2019-06-14,173,91617,5,3,High,7,77.4,0.579,5.46,0.875,209,36,128548,0.4031,6.75,0,2019-12-04,2020-01-09,0,0,25-50%
PJT2008,Infrastructure,2020-09-07,193,380493,3,4,Low,3,15.9,0.584,4.7,0.801,217,24,448944,0.1799,6.36,0,2021-03-19,2021-04-12,0,0,10-25%
PJT1403,Infrastructure,2018-11-08,159,66112,7,2,Medium,3,46.9,0.855,6.6,0.743,166,7,74826,0.1318,8.98,1,2019-04-16,2019-04-23,0,0,10-25%
PJT7233,Web App,2021-03-28,90,194372,4,2,Low,4,24.8,0.102,4.87,0.684,104,14,225005,0.1576,8.1,0,2021-06-26,2021-07-10,0,0,10-25%
PJT9887,Web App,2018-11-17,182,29039,6,5,Low,5,42.4,0.702,4.38,0.877,252,70,48373,0.6658,7.82,0,2019-05-18,2019-07-27,0,1,>50%
PJT7772,Web App,2018-01-15,238,95965,7,1,Low,2,45.0,0.391,4.75,0.76,222,-16,82741,-0.1378,9.68,1,2018-09-10,2018-08-25,1,0,Under/OnBudget
PJT7590,Infrastructure,2020-01-12,339,80079,9,3,High,4,79.2,0.577,8.65,0.908,421,82,102413,0.2789,7.48,0,2020-12-16,2021-03-08,0,0,25-50%
PJT1120,Web App,2020-11-26,213,129362,8,5,High,7,44.1,0.699,8.25,0.495,211,-2,127111,-0.0174,6.75,0,2021-06-27,2021-06-25,1,0,Under/OnBudget
PJT7460,Web App,2019-05-26,275,63359,7,3,High,5,43.8,0.238,2.58,0.941,294,19,77203,0.2185,6.42,0,2020-02-25,2020-03-15,0,0,10-25%
PJT7281,Internal Tool,2020-12-29,57,84308,7,3,Medium,6,60.1,0.734,3.01,0.753,56,-1,80261,-0.048,8.31,1,2021-02-24,2021-02-23,1,0,Under/OnBudget
PJT6862,Web App,2019-10-03,142,266001,10,2,Medium,4,44.2,0.797,4.04,0.847,135,-7,249828,-0.0608,7.75,1,2020-02-22,2020-02-15,1,0,Under/OnBudget
PJT3865,Infrastructure,2018-09-08,31,58447,4,3,Low,9,72.5,0.926,3.01,0.587,27,-4,46173,-0.21,8.89,1,2018-10-09,2018-10-05,1,0,Under/OnBudget
PJT4731,Web App,2018-05-13,77,14359,2,4,Low,2,55.0,0.608,2.21,0.969,69,-8,10703,-0.2546,9.13,1,2018-07-29,2018-07-21,1,0,Under/OnBudget
PJT4591,Web App,2020-11-03,257,805727,4,3,Medium,6,57.4,0.744,2.33,0.732,286,29,941573,0.1686,7.91,1,2021-07-18,2021-08-16,0,0,10-25%
PJT5486,Web App,2019-07-18,415,518007,4,3,High,4,17.0,0.739,6.62,0.649,536,121,734638,0.4182,7.55,0,2020-09-05,2021-01-04,0,1,25-50%
PJT8172,Infrastructure,2021-08-25,45,20937,7,1,Medium,3,74.8,0.751,2.86,0.495,41,-4,18996,-0.0927,9.05,1,2021-10-09,2021-10-05,1,0,Under/OnBudget
PJT3414,Internal Tool,2020-02-28,121,225855,6,1,Low,6,35.2,0.597,5.3,0.824,96,-25,158098,-0.3,8.95,1,2020-06-28,2020-06-03,1,0,Under/OnBudget
PJT7635,Internal Tool,2019-05-24,296,53983,6,5,Low,7,44.9,0.719,8.97,0.898,343,47,63435,0.1751,6.31,0,2020-03-15,2020-05-01,0,0,10-25%
PJT3805,Mobile App,2019-05-25,67,135427,2,3,Low,8,35.2,0.621,4.82,0.684,76,9,162187,0.1976,9.83,1,2019-07-31,2019-08-09,0,0,10-25%
PJT7665,Infrastructure,2018-07-11,178,140515,7,3,Medium,9,29.6,0.616,8.68,0.814,223,45,193250,0.3753,7.79,0,2019-01-05,2019-02-19,0,1,25-50%
PJT6361,Web App,2020-05-16,260,74512,4,1,High,5,27.0,0.412,4.81,0.958,271,11,74750,0.0032,8.6,1,2021-01-31,2021-02-11,0,0,<10%
PJT2465,Mobile App,2020-04-29,204,38541,7,4,Medium,4,46.5,0.373,5.43,0.738,231,27,42484,0.1023,7.46,0,2020-11-19,2020-12-16,0,0,10-25%
PJT1403,Internal Tool,2021-03-13,63,43103,6,5,High,3,15.5,0.26,2.13,0.542,65,2,48293,0.1204,6.4,0,2021-05-15,2021-05-17,0,0,10-25%
PJT7570,Web App,2018-10-21,107,32878,5,3,Medium,7,41.4,0.463,9.24,0.945,109,2,34995,0.0644,6.9,0,2019-02-05,2019-02-07,0,0,<10%
PJT9604,Web App,2019-03-01,287,36381,3,2,Medium,4,60.9,0.447,4.36,0.8,299,12,35457,-0.0254,8.57,1,2019-12-13,2019-12-25,0,0,Under/OnBudget
PJT5249,Web App,2018-05-22,178,91070,3,3,Low,8,54.5,0.403,6.23,0.56,196,18,93984,0.032,7.38,0,2018-11-16,2018-12-04,0,0,<10%
PJT7346,Web App,2019-03-08,30,41818,8,4,High,8,51.5,0.591,6.82,0.619,35,5,54234,0.2969,6.5,0,2019-04-07,2019-04-12,0,0,25-50%
PJT9408,Web App,2019-09-18,275,223790,10,3,High,1,31.6,0.4,5.83,0.632,334,59,294508,0.316,6.93,0,2020-06-19,2020-08-17,0,0,25-50%
PJT7625,AI/ML,2021-11-08,35,588125,7,4,Low,5,21.2,0.827,5.54,0.522,33,-2,531900,-0.0956,9.6,1,2021-12-13,2021-12-11,1,0,Under/OnBudget
PJT3813,Mobile App,2020-08-11,267,49214,3,3,Medium,4,60.6,0.42,6.44,0.803,298,31,57354,0.1654,8.34,0,2021-05-05,2021-06-05,0,0,10-25%
PJT1805,Internal Tool,2021-02-16,66,131569,5,4,Medium,3,38.3,0.384,4.46,0.639,68,2,134727,0.024,6.4,0,2021-04-23,2021-04-25,0,0,<10%
PJT4349,Internal Tool,2019-04-21,392,179804,7,3,Medium,2,43.8,0.529,3.23,0.664,355,-37,138431,-0.2301,7.43,0,2020-05-17,2020-04-10,1,0,Under/OnBudget
PJT8361,Mobile App,2018-07-30,111,173929,8,2,High,8,42.0,0.777,7.03,0.84,130,19,238596,0.3718,7.2,0,2018-11-18,2018-12-07,0,0,25-50%
PJT3816,Web App,2019-01-10,98,108136,3,2,Medium,8,55.1,0.808,5.82,0.644,95,-3,108104,-0.0003,9.17,1,2019-04-18,2019-04-15,1,0,Under/OnBudget
PJT7231,Mobile App,2019-01-10,55,240679,2,2,Medium,3,72.6,0.832,5.54,0.582,46,-9,173433,-0.2794,8.67,1,2019-03-06,2019-02-25,1,0,Under/OnBudget
PJT9625,AI/ML,2020-05-01,92,176081,7,5,Low,4,66.9,0.788,4.4,0.732,103,11,214678,0.2192,7.37,0,2020-08-01,2020-08-12,0,0,10-25%
PJT8420,Web App,2019-05-14,341,22355,5,4,Low,12,15.0,0.706,6.16,0.846,365,24,24412,0.092,8.11,1,2020-04-19,2020-05-13,0,0,<10%
PJT9620,AI/ML,2021-06-05,418,280124,4,3,Low,3,40.4,0.488,6.44,0.361,492,74,337858,0.2061,9.19,0,2022-07-28,2022-10-10,0,0,10-25%
PJT5257,Mobile App,2021-12-14,111,286287,2,2,Low,3,24.8,0.654,5.18,0.497,127,16,322216,0.1255,9.35,1,2022-04-04,2022-04-20,0,0,10-25%
PJT3312,AI/ML,2019-05-17,137,39500,6,2,Medium,4,59.1,0.716,7.62,0.71,129,-8,35467,-0.1021,7.77,0,2019-10-01,2019-09-23,1,0,Under/OnBudget
PJT2995,Mobile App,2020-10-26,255,103314,9,4,Medium,3,45.1,0.555,8.37,0.833,340,85,146840,0.4213,6.44,0,2021-07-08,2021-10-01,0,1,25-50%
PJT5995,Mobile App,2020-08-17,347,224133,11,3,Low,4,54.1,0.616,7.33,0.608,281,-66,156893,-0.3,8.65,1,2021-07-30,2021-05-25,1,0,Under/OnBudget
PJT2742,Data Engineering,2018-10-11,194,76790,6,2,High,6,39.1,0.484,3.28,0.893,212,18,89314,0.1631,6.37,0,2019-04-23,2019-05-11,0,0,10-25%
PJT2155,Infrastructure,2021-09-02,118,357744,6,3,Low,4,29.4,0.446,2.99,0.883,108,-10,346082,-0.0326,9.73,1,2021-12-29,2021-12-19,1,0,Under/OnBudget
PJT4204,Web App,2018-10-19,125,1683940,3,1,Medium,3,32.0,0.672,8.12,0.809,114,-11,1568759,-0.0684,8.55,1,2019-02-21,2019-02-10,1,0,Under/OnBudget
PJT9585,Internal Tool,2020-12-11,241,38439,6,3,Low,8,22.0,0.645,6.01,0.602,300,59,52988,0.3785,7.41,0,2021-08-09,2021-10-07,0,0,25-50%
PJT7763,Mobile App,2019-05-23,30,18821,5,3,Medium,2,26.0,0.749,3.88,0.814,34,4,22269,0.1832,7.13,0,2019-06-22,2019-06-26,0,0,10-25%
PJT7947,Internal Tool,2019-06-20,206,142142,6,2,Low,3,22.9,0.623,8.44,0.858,172,-34,104204,-0.2669,9.44,1,2020-01-12,2019-12-09,1,0,Under/OnBudget
PJT8202,Internal Tool,2019-10-27,107,234656,5,5,Medium,7,29.5,0.733,8.92,0.9,113,6,227546,-0.0303,6.15,0,2020-02-11,2020-02-17,0,0,Under/OnBudget
PJT5817,Mobile App,2021-06-16,293,74829,4,2,Medium,3,28.6,0.688,4.41,0.767,413,120,118462,0.5831,7.83,0,2022-04-05,2022-08-03,0,1,>50%
PJT3040,Web App,2018-07-24,44,564623,3,2,High,7,50.9,0.845,4.84,0.77,49,5,628538,0.1132,7.72,0,2018-09-06,2018-09-11,0,0,10-25%
PJT3078,Web App,2018-03-21,192,19805,4,2,Low,5,50.3,0.364,2.06,0.748,191,-1,17490,-0.1169,8.87,1,2018-09-29,2018-09-28,1,0,Under/OnBudget
PJT3864,AI/ML,2019-08-10,149,226727,3,4,Low,2,50.9,0.592,7.75,0.757,181,32,306240,0.3507,7.28,0,2020-01-06,2020-02-07,0,0,25-50%
PJT6829,AI/ML,2018-03-23,216,47713,3,3,Low,9,62.6,0.687,4.83,0.613,170,-46,33671,-0.2943,9.31,1,2018-10-25,2018-09-09,1,0,Under/OnBudget
PJT7249,Web App,2020-09-30,39,777045,13,3,Medium,4,43.8,0.696,7.14,0.641,53,14,1155155,0.4866,7.33,0,2020-11-08,2020-11-22,0,1,25-50%
PJT8442,Web App,2021-01-15,188,1078432,5,1,Low,3,33.3,0.444,4.36,0.541,174,-14,921412,-0.1456,8.9,1,2021-07-22,2021-07-08,1,0,Under/OnBudget
PJT6215,Internal Tool,2021-06-01,180,39341,6,1,High,1,78.2,0.674,2.41,0.81,210,30,49672,0.2626,7.65,0,2021-11-28,2021-12-28,0,0,25-50%
PJT6112,Data Engineering,2020-12-22,180,51048,9,3,Medium,2,58.6,0.483,7.04,0.818,188,8,54897,0.0754,7.96,0,2021-06-20,2021-06-28,0,0,<10%
PJT7937,AI/ML,2021-08-30,198,276926,15,4,Medium,6,47.3,0.798,3.35,0.706,176,-22,232258,-0.1613,9.25,1,2022-03-16,2022-02-22,1,0,Under/OnBudget
PJT5256,Web App,2020-12-28,232,62034,6,4,Medium,10,46.2,0.506,5.99,0.836,276,44,80619,0.2996,7.29,0,2021-08-17,2021-09-30,0,0,25-50%
PJT8891,Web App,2021-09-28,299,93480,8,1,Low,6,49.3,0.265,4.06,0.91,351,52,118523,0.2679,8.28,0,2022-07-24,2022-09-14,0,0,25-50%
PJT7339,Web App,2018-10-09,83,101770,4,3,Low,6,42.0,0.463,6.18,0.766,66,-17,71239,-0.3,8.81,1,2018-12-31,2018-12-14,1,0,Under/OnBudget
PJT3385,Data Engineering,2019-12-31,310,9861,4,5,Medium,2,46.9,0.704,4.33,0.69,304,-6,9247,-0.0623,6.34,0,2020-11-05,2020-10-30,1,0,Under/OnBudget
PJT6429,Web App,2021-12-22,155,97090,5,3,Medium,4,52.5,0.741,5.0,0.427,204,49,139412,0.4359,7.17,0,2022-05-26,2022-07-14,0,1,25-50%
PJT6298,AI/ML,2020-09-22,41,43145,7,4,Low,5,34.1,0.817,6.57,0.808,45,4,50415,0.1685,8.43,0,2020-11-02,2020-11-06,0,0,10-25%
PJT4305,Web App,2021-07-06,38,54625,7,2,Low,8,20.5,0.614,8.84,0.662,44,6,65659,0.202,8.93,1,2021-08-13,2021-08-19,0,0,10-25%
PJT4320,AI/ML,2018-02-14,101,558136,4,5,High,5,15.0,0.725,5.39,0.749,130,29,849874,0.5227,6.72,0,2018-05-26,2018-06-24,0,1,>50%
PJT7275,Infrastructure,2021-06-26,288,21855,3,4,Low,3,58.3,0.737,4.58,0.866,323,35,25295,0.1574,7.49,0,2022-04-10,2022-05-15,0,0,10-25%
PJT7392,Internal Tool,2020-10-15,247,261934,6,5,High,1,21.3,0.523,5.75,0.856,308,61,352720,0.3466,6.31,0,2021-06-19,2021-08-19,0,0,25-50%
PJT4526,Web App,2018-09-07,290,70632,3,3,High,7,52.0,0.538,3.03,0.758,389,99,107947,0.5283,7.64,0,2019-06-24,2019-10-01,0,1,>50%
PJT7642,Web App,2018-02-07,163,70565,6,3,Low,7,27.7,0.863,5.33,0.467,162,-1,69549,-0.0144,9.79,1,2018-07-20,2018-07-19,1,0,Under/OnBudget
PJT5914,Web App,2019-01-15,134,254854,7,5,Low,4,27.9,0.883,5.03,0.751,140,6,275981,0.0829,8.43,0,2019-05-29,2019-06-04,0,0,<10%
PJT2287,Internal Tool,2021-08-30,55,148459,7,2,Low,4,34.2,0.532,5.48,0.293,63,8,187207,0.261,7.3,0,2021-10-24,2021-11-01,0,0,25-50%
PJT5944,Internal Tool,2020-09-02,99,195778,7,3,Medium,4,47.9,0.498,5.04,0.676,100,1,199615,0.0196,8.9,1,2020-12-10,2020-12-11,0,0,<10%
PJT1360,AI/ML,2021-09-04,132,315471,9,4,Medium,9,25.7,0.311,5.71,0.676,181,49,507025,0.6072,7.04,0,2022-01-14,2022-03-04,0,1,>50%
PJT2974,AI/ML,2019-10-14,43,66332,5,4,High,1,35.7,0.575,4.88,0.836,54,11,88487,0.334,6.36,0,2019-11-26,2019-12-07,0,1,25-50%
PJT4464,Infrastructure,2021-09-29,71,47350,7,5,High,3,44.6,0.652,7.79,0.832,68,-3,50816,0.0732,6.17,0,2021-12-09,2021-12-06,1,0,<10%
PJT3226,Web App,2019-11-07,196,26845,6,2,Medium,4,26.8,0.848,5.98,0.597,204,8,28823,0.0737,8.98,1,2020-05-21,2020-05-29,0,0,<10%
PJT6044,Data Engineering,2018-10-26,262,36662,4,4,Low,3,66.4,0.955,5.83,0.369,200,-62,27709,-0.2442,7.07,0,2019-07-15,2019-05-14,1,0,Under/OnBudget
PJT6625,Mobile App,2018-08-10,419,2000000,2,4,Low,3,19.2,0.331,7.06,0.695,445,26,2323400,0.1617,6.81,0,2019-10-03,2019-10-29,0,0,10-25%
PJT2850,Mobile App,2021-12-21,376,439598,4,1,High,8,41.7,0.626,5.91,0.824,404,28,506021,0.1511,8.86,1,2023-01-01,2023-01-29,0,0,10-25%
PJT6932,AI/ML,2019-05-03,216,19511,5,3,Low,11,64.1,0.352,7.5,0.599,227,11,19384,-0.0065,8.45,1,2019-12-05,2019-12-16,0,0,Under/OnBudget
PJT4905,Web App,2018-08-22,128,20192,6,2,Low,4,25.1,0.81,3.89,0.684,109,-19,14134,-0.3,8.97,1,2018-12-28,2018-12-09,1,0,Under/OnBudget
PJT4775,Web App,2018-01-13,213,176000,8,2,Medium,2,43.4,0.737,3.81,0.357,206,-7,166179,-0.0558,9.08,1,2018-08-14,2018-08-07,1,0,Under/OnBudget
PJT1817,Infrastructure,2019-02-21,288,190369,4,5,Medium,3,47.0,0.828,3.78,0.875,312,24,214527,0.1269,6.73,0,2019-12-06,2019-12-30,0,0,10-25%
PJT3146,Web App,2021-07-22,49,190739,3,3,High,4,32.9,0.516,3.56,0.782,57,8,225682,0.1832,6.77,0,2021-09-09,2021-09-17,0,0,10-25%
PJT8774,AI/ML,2020-02-19,124,72697,11,4,Medium,2,43.8,0.265,5.89,0.737,124,0,67695,-0.0688,7.9,0,2020-06-22,2020-06-22,1,0,Under/OnBudget
PJT9372,Web App,2020-07-12,319,84919,3,5,Low,7,53.4,0.535,6.72,0.676,348,29,99984,0.1774,7.8,0,2021-05-27,2021-06-25,0,0,10-25%
PJT8096,Mobile App,2021-09-08,116,146306,5,3,High,2,38.0,0.422,3.7,0.586,124,8,155245,0.0611,6.94,0,2022-01-02,2022-01-10,0,0,<10%
PJT8833,Mobile App,2020-01-19,185,109433,6,4,Low,11,56.5,0.936,5.51,0.984,213,28,141617,0.2941,6.79,0,2020-07-22,2020-08-19,0,0,25-50%
PJT5469,Mobile App,2021-05-08,192,6883,6,3,Medium,5,50.9,0.762,5.87,0.86,237,45,9531,0.3847,7.61,0,2021-11-16,2021-12-31,0,0,25-50%
PJT6955,Infrastructure,2019-04-18,62,74925,3,4,Medium,5,36.3,0.856,7.69,0.676,69,7,84605,0.1292,8.26,0,2019-06-19,2019-06-26,0,0,10-25%
PJT5719,Mobile App,2021-11-27,109,35536,2,2,Low,4,61.9,0.667,8.51,0.631,134,25,49704,0.3987,8.38,0,2022-03-16,2022-04-10,0,0,25-50%
PJT8850,AI/ML,2018-04-26,101,121814,3,5,Medium,4,33.9,0.639,7.99,0.717,113,12,147273,0.209,6.15,0,2018-08-05,2018-08-17,0,0,10-25%
PJT7014,Mobile App,2020-11-24,33,2000000,6,2,Low,4,57.8,0.634,2.2,0.782,25,-8,1449000,-0.2755,9.1,1,2020-12-27,2020-12-19,1,0,Under/OnBudget
PJT5958,Infrastructure,2020-08-22,33,153427,6,3,Medium,3,34.2,0.852,6.66,0.878,42,9,212604,0.3857,6.83,0,2020-09-24,2020-10-03,0,1,25-50%
PJT7265,Data Engineering,2018-10-07,314,67763,4,4,Medium,5,40.3,0.701,7.1,0.701,417,103,105690,0.5597,6.54,0,2019-08-17,2019-11-28,0,1,>50%
PJT1441,Infrastructure,2019-07-22,84,298392,6,3,High,9,42.6,0.468,7.1,0.577,112,28,468475,0.57,7.47,0,2019-10-14,2019-11-11,0,1,>50%
PJT8884,Web App,2019-04-02,163,176174,8,3,High,5,50.1,0.773,7.98,0.719,183,20,194619,0.1047,7.46,0,2019-09-12,2019-10-02,0,0,10-25%
PJT8658,Web App,2018-05-18,91,163426,2,3,Low,2,15.0,0.627,7.71,0.639,76,-15,130185,-0.2034,9.89,1,2018-08-17,2018-08-02,1,0,Under/OnBudget
PJT4212,Web App,2020-05-03,381,204479,5,4,Medium,6,51.9,0.614,7.05,0.24,436,55,240570,0.1765,7.34,0,2021-05-19,2021-07-13,0,0,10-25%
PJT2896,AI/ML,2021-12-21,80,1164558,7,2,Medium,7,43.5,0.702,6.04,0.745,120,40,1978351,0.6988,7.38,0,2022-03-11,2022-04-20,0,1,>50%
PJT2089,Web App,2020-03-27,131,25411,4,1,Low,5,49.3,0.916,2.47,0.319,112,-19,18169,-0.285,9.49,1,2020-08-05,2020-07-17,1,0,Under/OnBudget
PJT9674,Mobile App,2020-03-07,338,174270,4,2,High,7,52.5,0.921,6.04,0.839,421,83,242619,0.3922,6.65,0,2021-02-08,2021-05-02,0,0,25-50%
PJT1308,AI/ML,2018-02-28,320,32479,6,3,Medium,7,50.9,0.858,7.25,0.847,344,24,37049,0.1407,7.89,0,2019-01-14,2019-02-07,0,0,10-25%
PJT9784,Mobile App,2018-07-23,63,192262,9,2,Low,8,15.0,0.752,3.09,0.248,72,9,245326,0.276,7.33,0,2018-09-24,2018-10-03,0,0,25-50%
PJT2018,Infrastructure,2020-01-20,298,32780,8,3,Medium,7,29.1,0.743,4.77,0.568,259,-39,29656,-0.0953,8.5,1,2020-11-13,2020-10-05,1,0,Under/OnBudget
PJT5493,Web App,2021-12-09,141,59824,6,3,Low,3,50.0,0.548,2.14,0.732,145,4,59441,-0.0064,8.85,1,2022-04-29,2022-05-03,0,0,Under/OnBudget
PJT4261,Web App,2021-07-03,150,69279,7,1,Medium,4,48.0,0.752,5.89,0.645,144,-6,62330,-0.1003,7.56,1,2021-11-30,2021-11-24,1,0,Under/OnBudget
PJT8084,Infrastructure,2019-05-12,52,318373,5,3,Low,4,33.2,0.63,6.89,0.477,50,-2,288350,-0.0943,9.43,1,2019-07-03,2019-07-01,1,0,Under/OnBudget
PJT5290,Mobile App,2020-03-03,42,297195,7,4,High,3,56.1,0.485,6.79,0.61,51,9,442553,0.4891,6.23,0,2020-04-14,2020-04-23,0,0,25-50%
PJT8101,Infrastructure,2020-03-17,258,22140,5,2,High,7,41.2,0.692,4.93,0.9,255,-3,21927,-0.0096,7.44,0,2020-11-30,2020-11-27,1,0,Under/OnBudget
PJT2357,Mobile App,2020-09-27,155,105442,4,3,Medium,7,58.3,0.477,2.2,0.846,184,29,131349,0.2457,6.98,0,2021-03-01,2021-03-30,0,0,10-25%
PJT1082,Web App,2020-10-01,133,42130,7,3,Medium,3,63.2,0.499,4.87,0.773,156,23,49895,0.1843,6.97,0,2021-02-11,2021-03-06,0,0,10-25%
PJT9442,Internal Tool,2021-02-27,258,21803,6,3,High,7,49.2,0.547,7.41,0.754,279,21,24084,0.1046,6.34,0,2021-11-12,2021-12-03,0,0,10-25%
PJT6411,Internal Tool,2018-02-06,277,76083,5,4,Medium,8,53.3,0.816,7.61,0.675,289,12,80230,0.0545,7.69,0,2018-11-10,2018-11-22,0,0,<10%
PJT3387,Infrastructure,2021-10-09,57,68174,10,3,Low,3,35.9,0.436,5.9,0.613,62,5,80186,0.1762,9.81,1,2021-12-05,2021-12-10,0,0,10-25%
PJT2408,Web App,2018-04-13,201,1815842,2,3,Medium,4,58.4,0.403,1.61,0.95,224,23,2090034,0.151,7.7,0,2018-10-31,2018-11-23,0,0,10-25%
PJT4728,AI/ML,2019-11-27,52,165968,4,1,High,7,48.3,0.641,8.38,0.861,60,8,206896,0.2466,7.43,0,2020-01-18,2020-01-26,0,0,10-25%
PJT6294,Mobile App,2021-09-04,270,18899,2,4,Medium,1,40.6,0.743,6.52,0.695,281,11,20965,0.1093,7.07,0,2022-06-01,2022-06-12,0,0,10-25%
PJT9924,Web App,2019-12-13,223,50125,8,3,Medium,4,26.7,0.59,4.11,0.788,227,4,55032,0.0979,7.74,0,2020-07-23,2020-07-27,0,0,<10%
PJT1322,Data Engineering,2018-04-03,391,336267,7,1,High,2,37.7,0.534,4.73,0.846,424,33,400158,0.19,7.24,0,2019-04-29,2019-06-01,0,0,10-25%
PJT3057,Web App,2018-12-01,40,1210000,4,3,High,2,28.4,0.72,6.51,0.64,55,15,1893166,0.5646,7.56,0,2019-01-10,2019-01-25,0,1,>50%
PJT4060,Data Engineering,2020-04-24,38,14718,7,5,High,5,56.4,0.708,5.21,0.797,47,9,21110,0.4343,6.02,0,2020-06-01,2020-06-10,0,0,25-50%
PJT4700,Mobile App,2018-05-09,86,10343,5,3,Low,6,63.3,0.422,9.34,0.813,91,5,11418,0.1039,7.99,0,2018-08-03,2018-08-08,0,0,10-25%
